tree
version=v4
num_class=1
num_tree_per_iteration=1
label_index=0
max_feature_idx=4
objective=binary sigmoid:1
feature_names=market_cap_bucket employees_log shares_log sector_id industry_id
feature_infos=[0:4] [1.3862943611198906:12.873966118615451] [2.4849066497880004:25.129095193277593] [0:11] [0:128]
tree_sizes=3262 3358 3355 3362 3391 3369 3370 3373 3394 3371 3393 3378 3374 3366 3380 3401 3413 3410 3379 3412 3379 3400 3391 3387 3378 3420 3386 3386 3419 3412 3411 3386 3412 3386 3396 3387 3416 3427 3431 3395 3404 3423 3399 3423 3425 3427

Tree=0
num_leaves=31
num_cat=0
split_feature=1 0 1 0 0 1 1 0 4 3 3 4 4 1 4 1 3 4 4 3 1 4 4 3 1 1 3 1 1 1
split_gain=1233.03 178.917 143.179 45.8452 20.7291 14.7441 8.86134 7.89597 3.96875 3.60137 3.3613 4.27627 3.22543 2.8849 5.09429 4.46981 2.69364 2.65769 2.20411 3.36509 2.71667 1.97045 1.62575 1.40773 1.39064 1.10288 0.982641 0.790806 2.96242 0.627725
threshold=6.7973820656248938 1.0000000180025095e-35 6.303533889083444 1.0000000180025095e-35 1.5000000000000002 7.8250445331454843 6.9655513755161147 1.0000000180025095e-35 34.500000000000007 8.5000000000000018 8.5000000000000018 102.50000000000001 93.500000000000014 7.533693137913164 101.50000000000001 6.980075507895271 6.5000000000000009 86.000000000000014 16.500000000000004 2.5000000000000004 6.4093518365128341 101.50000000000001 110.50000000000001 6.5000000000000009 7.6473087184357089 6.5854815236201967 6.5000000000000009 7.7788393961256839 7.4462932987409234 6.2334293711344477
decision_type=2 2 2 2 2 2 2 2 2 2 2 2 2 2 2 2 2 2 2 2 2 2 2 2 2 2 2 2 2 2
left_child=2 5 7 10 6 8 -3 29 -2 12 18 -12 27 14 15 -10 -9 25 -4 -20 -21 26 -14 -17 -11 -5 -22 28 -8 -1
right_child=1 4 3 17 -6 -7 9 16 13 24 11 -13 22 -15 -16 23 -18 -19 19 20 21 -23 -24 -25 -26 -27 -28 -29 -30 -31
leaf_value=0.29171633277258319 0.18824109527181684 0.16739443570206539 0.27151402449862405 0.14479045441651675 0.089693250032991778 0.14882195717628682 0.093176406631950287 0.24121056208768532 0.20907052619729577 0.15462924091357472 0.17627457120710238 0.24121056208768532 0.14542375561632737 0.1944459596016688 0.20133758523118703 0.24361559878696618 0.27488107587761723 0.16412280683178862 0.19988765880004164 0.21764120243473298 0.25286573993804634 0.23185764159048203 0.11433021134269805 0.27778370637674926 0.12201694327132642 0.11393601996174277 0.28209618597545977 0.089693250032991778 0.13298391062004708 0.27555448615341582
leaf_weight=207.15454606711864 10.147355303168295 9.6523623615503293 4.9499294161796561 5.4449223577976245 136.12305894494057 10.147355303168295 14.354795306921007 9.8998588323593157 5.4449223577976289 6.929901182651518 5.1974258869886381 4.949929416179657 7.1773976534605053 6.682404711842536 9.4048658907413465 5.1974258869886381 14.849788248538969 9.4048658907413465 5.4449223577976253 7.4248941242694881 6.4349082410335559 6.682404711842536 10.147355303168295 7.1773976534605026 6.1874117702245712 6.1874117702245712 5.1974258869886398 11.137341186404226 6.9299011826515189 6.1874117702245703
leaf_count=837 41 39 20 22 550 41 58 40 22 28 21 20 29 27 38 21 60 38 22 30 26 27 41 29 25 25 21 45 28 25
internal_value=0.201615 0.122222 0.269942 0.205559 0.101196 0.203158 0.122789 0.288146 0.215674 0.11594 0.233378 0.207951 0.109795 0.223884 0.231109 0.246822 0.261413 0.144358 0.240519 0.235599 0.243153 0.253496 0.127212 0.263433 0.139246 0.128379 0.265926 0.100488 0.106137 0.291248
internal_weight=568.252 262.841 305.411 67.319 208.64 54.2017 72.5165 238.092 44.0544 62.8641 46.2818 10.1474 49.7468 33.907 27.2246 17.8197 24.7496 21.0372 36.1345 31.1846 25.7396 18.3147 17.3248 12.3748 13.1173 11.6323 11.6323 32.422 21.2847 213.342
internal_count=2296 1062 1234 272 843 219 293 962 178 254 187 41 201 137 110 72 100 85 146 126 104 74 70 50 53 47 47 131 86 862
is_linear=0
shrinkage=1


Tree=1
num_leaves=31
num_cat=0
split_feature=2 0 0 2 3 3 4 2 2 3 4 3 3 2 3 4 2 2 4 2 4 3 2 2 0 4 4 2 4 2
split_gain=1297.7 238.864 24.4878 13.3921 6.29626 5.74389 8.15512 4.80812 6.81829 5.05764 2.50263 1.99136 2.44296 5.52317 1.73953 5.00159 3.96003 2.94711 1.5668 1.10462 1.6656 0.965656 0.813857 0.761534 0.587261 1.57173 0.567316 0.449121 0.44505 0.130688
threshold=16.510072402756375 1.0000000180025095e-35 1.5000000000000002 17.565860253562708 5.5000000000000009 8.5000000000000018 94.500000000000014 16.696913955010618 16.578468816622046 2.5000000000000004 86.000000000000014 5.5000000000000009 7.5000000000000009 17.393507314681955 4.5000000000000009 24.500000000000004 17.213799452649919 17.115197958064361 56.500000000000007 16.834530432435063 106.50000000000001 5.5000000000000009 17.070024935972718 16.877063112198339 1.0000000180025095e-35 50.500000000000007 33.500000000000007 17.28396169184801 48.500000000000007 16.372610324147299
decision_type=2 2 2 2 2 2 2 2 2 2 2 2 2 2 2 2 2 2 2 2 2 2 2 2 2 2 2 2 2 2
left_child=24 3 5 7 -5 10 -7 8 -2 -9 11 18 13 -13 17 -16 19 -11 26 -17 -21 -10 -14 -12 -1 -26 -3 -8 -6 -27
right_child=1 2 -4 4 28 6 27 9 21 14 23 12 22 -15 15 16 -18 -19 -20 20 -22 -23 -24 -25 25 29 -28 -29 -30 -31
leaf_value=0.088059590404284308 -0.022438530473056058 -0.084731199373962951 -0.10500146928538345 0.0077585747729896548 0.057380473346380967 -0.088088068540945655 -0.030295121115354789 0.020683213960691713 0.020615483221969173 -0.062097774937444561 -0.076046367287791919 -0.081033860224493146 -0.06346691996739276 -0.012890151028471134 0.030319659565114329 -0.027479167797125909 -0.053781354489856964 -0.012183241639692401 -0.060043095324681078 -0.020144917509407185 0.017813333656933127 0.048641828029559422 -0.08728416412099034 -0.096329817697781928 0.062042547807756511 0.092072895952724276 -0.10567104246724775 -0.010590986215402826 0.078199011268166405 0.082286401999965952
leaf_weight=221.75901973247528 7.6266648620367077 9.2114387303590792 142.65197044610977 7.3793342262506512 4.9042449593543989 7.4537110477685955 6.1819651126861555 8.8437980413436872 5.1579358130693418 5.9200334250926954 6.2099846303463009 5.7203620672225952 6.7039071172475815 6.1925987154245377 5.157479494810107 6.40703813731671 7.6481305658817282 5.9088095426559448 5.2176526784896842 5.9150112718343717 5.6510248929262161 7.6052144914865494 7.7139947861433029 18.159113883972168 8.1880128383636492 10.911298140883444 4.9850821644067755 5.4339382946491241 5.3869361877441406 4.962910294532775
leaf_count=904 31 37 572 30 20 30 25 36 21 24 25 23 27 25 21 26 31 24 21 24 23 31 31 73 33 44 20 22 22 20
internal_value=0.00078208 -0.0653668 -0.0921528 0.00400896 0.0430046 -0.0716009 -0.0472698 -0.00558267 0.014965 -0.0137256 -0.0782185 -0.0713238 -0.0623661 -0.0456114 -0.0208676 -0.0146045 -0.0236476 -0.0371642 -0.083473 -0.0108247 -0.00159898 0.0373156 -0.0762098 -0.091161 0.0872546 0.0798355 -0.0920842 -0.0210775 0.068278 0.0890132
internal_weight=567.169 321.347 231.836 89.5117 17.6705 89.1837 19.0696 71.8411 20.3898 51.4513 70.1141 45.745 26.3309 11.913 42.6075 30.7787 25.6212 11.8288 19.4142 17.9731 11.566 12.7632 14.4179 24.3691 245.821 24.0622 14.1965 11.6159 10.2912 15.8742
internal_count=2296 1295 931 364 72 359 77 292 83 209 282 184 106 48 173 125 104 48 78 73 47 52 58 98 1001 97 57 47 42 64
is_linear=0
shrinkage=0.05


Tree=2
num_leaves=31
num_cat=0
split_feature=2 0 0 2 3 3 4 2 2 3 4 3 2 2 2 2 3 4 3 4 2 3 2 0 4 4 4 2 2 4
split_gain=1179.77 214.446 22.18 12.1683 5.79478 5.15512 7.30269 4.33968 6.18154 4.55881 2.22901 1.78921 2.18914 2.08703 1.75445 4.0754 4.50024 1.60495 2.55047 1.4114 1.30902 0.886186 0.6845 0.601035 1.46066 0.512238 0.417184 0.403013 0.122527 0.112254
threshold=16.510072402756375 1.0000000180025095e-35 1.5000000000000002 17.565860253562708 5.5000000000000009 8.5000000000000018 94.500000000000014 16.696913955010618 16.578468816622046 2.5000000000000004 86.000000000000014 5.5000000000000009 17.393507314681955 16.867212517838407 17.342143368962791 17.213799452649919 4.5000000000000009 59.500000000000007 8.5000000000000018 56.500000000000007 17.686096241337108 5.5000000000000009 16.877063112198339 1.0000000180025095e-35 50.500000000000007 33.500000000000007 48.500000000000007 17.28396169184801 16.372610324147299 110.50000000000001
decision_type=2 2 2 2 2 2 2 2 2 2 2 2 2 2 2 2 2 2 2 2 2 2 2 2 2 2 2 2 2 2
left_child=23 3 5 7 -5 10 -7 8 -2 -9 11 19 13 -13 15 16 -11 -18 -19 25 -14 -10 -12 -1 -25 -3 -6 -8 -26 -24
right_child=1 2 -4 4 26 6 27 9 21 14 22 12 20 -15 -16 -17 17 18 -20 -21 -22 -23 29 24 28 -27 -28 -29 -30 -31
leaf_value=0.08485326956597733 -0.021258540028508834 -0.080222195799778531 -0.099521138378460605 0.007378007183510395 0.054998336427062783 -0.083278884185597007 -0.02869812552873385 0.019705445079802795 0.019641019229133614 -0.048741089915645137 -0.071924836738954362 -0.044527361081144586 -0.024635190102859007 -0.083830132478388691 0.0014999260843120313 -0.064327334738575187 0.012829040087043921 -0.035965201525941425 0.0079463104505598115 -0.056837440346200134 -0.059220045083098284 0.046550760007089673 -0.087549782634934833 0.05930271048990985 0.088375870018939318 -0.10008961857689867 0.075261550081396636 -0.010050307673154613 0.078857111741260602 -0.095431596128831786
leaf_weight=218.70738591253757 7.6469528973102596 9.2417756170034426 142.97016730904579 7.3721591383218792 4.8619009107351285 7.4888834655284908 6.1992133855819684 8.8191283345222455 5.1435221135616285 8.1775263994932192 6.2367591112852123 4.9830359667539623 5.4658890813589078 10.484682619571684 7.8933184742927542 5.4476055800914756 7.8692660927772549 7.1504336297512037 6.1516239792108536 5.2358133494853965 5.4780744165182114 7.5508832037448883 9.9900442361831683 8.139201223850252 10.80201695859432 4.9994173049926749 5.3190277963876724 5.4398003816604614 4.9208251982927314 8.2462745457887632
leaf_count=904 31 37 572 30 20 30 25 36 21 33 25 20 22 42 32 22 32 29 25 21 22 31 40 33 44 20 22 22 20 33
internal_value=0.000762772 -0.0619917 -0.087302 0.0038181 0.0411384 -0.0677805 -0.0447641 -0.0052993 0.0142547 -0.0130214 -0.0740376 -0.0675385 -0.0590602 -0.0711685 -0.0197823 -0.02461 -0.0172378 -0.00506954 -0.015658 -0.0790355 -0.0419469 0.0356475 -0.0862237 0.0840312 0.0764962 -0.0871967 0.0655849 -0.0199826 0.0853968 -0.0911139
internal_weight=564.433 321.863 232.46 89.4033 17.5531 89.4897 19.1279 71.8503 20.3414 51.5089 70.3618 45.8887 26.4117 15.4677 42.6898 34.7965 29.3489 21.1713 13.3021 19.477 10.944 12.6944 24.4731 242.569 23.862 14.2412 10.1809 11.639 15.7228 18.2363
internal_count=2296 1295 931 364 72 359 77 292 83 209 282 184 106 62 173 141 119 86 54 78 44 52 98 1001 97 57 42 47 64 73
is_linear=0
shrinkage=0.05


Tree=3
num_leaves=31
num_cat=0
split_feature=2 0 0 2 3 3 4 2 2 3 4 3 3 2 2 2 3 4 3 4 3 2 2 0 4 4 4 2 2 4
split_gain=1076.17 193.866 20.4387 11.0681 5.35072 4.66751 6.58935 3.9187 5.60712 4.11092 2.01715 1.63004 2.17176 4.70187 1.57775 3.64771 4.03863 1.44731 2.29092 1.29028 0.815073 0.753614 0.626734 0.617732 1.37454 0.47242 0.394651 0.362126 0.116745 0.104083
threshold=16.510072402756375 1.0000000180025095e-35 1.5000000000000002 17.565860253562708 5.5000000000000009 8.5000000000000018 94.500000000000014 16.696913955010618 16.578468816622046 2.5000000000000004 86.000000000000014 5.5000000000000009 7.5000000000000009 17.393507314681955 17.342143368962791 17.213799452649919 4.5000000000000009 59.500000000000007 8.5000000000000018 56.500000000000007 5.5000000000000009 17.176021646046049 16.877063112198339 1.0000000180025095e-35 50.500000000000007 33.500000000000007 48.500000000000007 17.28396169184801 16.372610324147299 110.50000000000001
decision_type=2 2 2 2 2 2 2 2 2 2 2 2 2 2 2 2 2 2 2 2 2 2 2 2 2 2 2 2 2 2
left_child=23 3 5 7 -5 10 -7 8 -2 -9 11 19 13 -13 15 16 -11 -18 -19 25 -10 -14 -12 -1 -25 -3 -6 -8 -26 -24
right_child=1 2 -4 4 26 6 27 9 20 14 22 12 21 -15 -16 -17 17 18 -20 -21 -22 -23 29 24 28 -27 -28 -29 -30 -31
leaf_value=0.082019483952999545 -0.020148220342290635 -0.076224679902170189 -0.094831810238402578 0.0070159595511422122 0.052776912437131784 -0.07904127858551957 -0.027201113381075039 0.018775114378463246 0.018713792500784417 -0.046125862732257474 -0.068228425064047332 -0.072885253358416557 -0.059478500618430401 -0.010138177338244764 0.001425171455836324 -0.060806350656873155 0.012207934881261534 -0.034035597561037953 0.0075566007434058006 -0.053904607994242182 0.044584839747569605 -0.082636943851437758 -0.083150409394712577 0.056771672254568896 0.085133165376234499 -0.095319960271735005 0.072606815801496916 -0.0095382722651739804 0.07578581871664046 -0.090741414238952461
leaf_weight=215.04239416122437 7.6644692569971111 9.2400429695844668 142.54594020545483 7.3651406019926098 4.8144234716892225 7.4955726861953762 6.2129931300878507 8.7939756363630277 5.1288346201181394 8.2082603573799151 6.2456118166446712 5.7444682419300079 8.4872205853462201 6.2163389623165131 7.8920125216245642 5.4741456955671302 7.8564837276935604 7.1772978007793409 6.145588606595993 5.2443855106830588 7.4911655187606812 5.9938458204269418 9.9924422800540942 8.0784924328327197 10.656401067972181 4.9873097687959662 5.239828497171402 5.4450903832912445 4.865608647465705 8.2389066368341428
leaf_count=904 31 37 572 30 20 30 25 36 21 33 25 23 34 25 32 22 32 29 25 21 31 24 40 33 44 20 22 22 20 33
internal_value=0.000744346 -0.0589884 -0.0830717 0.00363809 0.0393935 -0.0643508 -0.0424669 -0.00503264 0.0135841 -0.0123585 -0.0703056 -0.0641256 -0.056041 -0.040274 -0.0187623 -0.0233324 -0.016352 -0.00481282 -0.0148499 -0.075104 0.0340707 -0.069064 -0.081898 0.0811767 0.0734979 -0.0829184 0.0631114 -0.0189514 0.0822031 -0.0865809
internal_weight=559.985 321.342 232.09 89.2516 17.4194 89.5442 19.1537 71.8322 20.2845 51.5478 70.3906 45.9136 26.4419 11.9608 42.7538 34.8618 29.3876 21.1794 13.3229 19.4717 12.62 14.4811 24.477 238.643 23.6005 14.2274 10.0543 11.6581 15.522 18.2313
internal_count=2296 1295 931 364 72 359 77 292 83 209 282 184 106 48 173 141 119 86 54 78 52 58 98 1001 97 57 42 47 64 73
is_linear=0
shrinkage=0.05


Tree=4
num_leaves=31
num_cat=0
split_feature=2 1 2 0 0 0 4 0 2 1 4 1 1 0 1 1 1 2 2 4 2 4 1 2 1 4 4 1 4 1
split_gain=984.568 662.144 6.58434 9.71832 3.48235 0.636984 1.3074 0.469732 0.203604 0.322545 0.113566 0.0997361 0.128323 0.119696 0.0941243 0.0619327 0.0295614 0.0289015 0.0412303 0.0218829 0.0162316 0.025979 0.0144992 0.00993723 0.00930319 0.00924089 0.0342649 0.0050194 0.00787479 0.00462268
threshold=16.510072402756375 6.281331292928102 17.768713972624994 1.0000000180025095e-35 1.0000000180025095e-35 1.0000000180025095e-35 50.500000000000007 1.5000000000000002 16.737057248269522 5.8066296841768823 108.50000000000001 5.4743671128014944 5.2067464199591091 1.0000000180025095e-35 7.8250445331454843 6.303533889083444 6.9655513755161147 17.361280077046874 16.696913955010618 101.50000000000001 17.176021646046049 71.500000000000014 4.0689902272260703 16.611093693143349 7.5509240552007428 94.500000000000014 109.50000000000001 7.7788393961256839 38.500000000000007 6.6939428633955229
decision_type=2 2 2 2 2 2 2 2 2 2 2 2 2 2 2 2 2 2 2 2 2 2 2 2 2 2 2 2 2 2
left_child=5 2 8 -4 14 15 -7 16 9 23 29 12 22 -13 17 -1 19 18 -3 -6 21 -20 -10 -2 -17 27 -27 28 -18 -8
right_child=1 4 3 -5 7 6 10 -9 11 -11 -12 13 -14 -15 -16 24 25 -19 20 -21 -22 -23 -24 -25 -26 26 -28 -29 -30 -31
leaf_value=0.078956755847245874 0.087731966910122569 -0.11252130115554936 0.082848540360160691 0.00078498519913187373 -0.096152559601699342 0.054420735360857189 0.081120401231770944 -0.090588483838389924 0.085485173856415464 0.071466913709053601 0.072993201994119808 0.087288272181415591 0.078564704422284387 0.095507864528820652 -0.10368363261149437 0.080620356169978299 -0.096150900667742789 -0.11334061856390079 -0.11181322763917211 -0.099930149437264915 -0.10560441691630514 -0.10719702264794975 0.088736947888149273 0.08476576880430324 0.082512896902646723 -0.098892420339319678 -0.094302182197825907 -0.093755349525783335 -0.094254112348888655 0.083230933894425249
leaf_weight=150.49259772896767 5.1349186450243014 7.1508314758539262 8.5901787877082807 6.2199587672948828 12.722026169300081 8.007892847061159 4.7241111099719983 137.74423463642597 5.0794748365879085 5.6204372197389594 4.8005458712577811 11.467881456017496 5.1288324892520896 7.2162130475044242 7.231887459754943 52.977664798498154 8.7218600958585757 5.4170057624578467 4.9401276558637637 5.4872097373008719 4.9797986149787894 7.9568817764520645 10.543784126639364 6.2730842381715775 7.4006453007459632 6.2341489940881756 11.687339529395102 13.680931240320204 14.68511852622032 5.7552436739206314
leaf_count=648 21 29 36 25 51 33 20 557 21 23 20 47 21 29 29 225 35 22 20 22 20 32 43 26 31 25 47 55 59 24
internal_value=0.000726861 -0.0562958 0.0780569 0.0483835 -0.0948093 0.0786329 0.0707855 -0.0923086 0.0858399 0.0812708 0.079362 0.0878129 0.085427 0.0904629 -0.108811 0.0794995 -0.0955447 -0.110029 -0.109313 -0.0972909 -0.108029 -0.108965 0.0876797 0.0861009 0.0808523 -0.0949667 -0.0958989 -0.0945162 -0.0949609 0.0822795
internal_weight=554.073 319.914 71.2748 14.8101 248.639 234.159 23.2878 210.963 56.4646 17.0284 15.2799 39.4362 20.7521 18.6841 37.6765 210.871 73.2186 30.4446 25.0276 18.2092 17.8768 12.897 15.6233 11.408 60.3783 55.0094 17.9215 37.0879 23.407 10.4794
internal_count=2296 1295 292 61 1003 1001 97 851 231 70 64 161 85 76 152 904 294 123 101 73 72 52 64 47 256 221 72 149 94 44
is_linear=0
shrinkage=0.05


Tree=5
num_leaves=31
num_cat=0
split_feature=1 0 0 0 1 1 4 3 1 4 4 4 1 4 4 4 3 0 1 4 1 3 1 3 1 1 4 1 1 1
split_gain=840.258 195.861 53.0433 13.0521 12.2748 6.28471 3.49767 2.07497 2.40074 1.88101 1.96793 1.40807 1.32595 1.75717 1.32169 1.26298 0.917977 0.913443 0.816587 0.683506 0.612539 0.595171 0.589827 0.47171 0.446351 0.7793 0.414445 0.347235 0.33356 0.307891
threshold=6.303533889083444 1.0000000180025095e-35 1.5000000000000002 1.5000000000000002 7.5183356990241661 6.929516292058147 26.500000000000004 3.5000000000000004 6.5589065201527559 42.500000000000007 96.500000000000014 74.500000000000014 7.2622778468384972 101.50000000000001 28.500000000000004 50.500000000000007 9.5000000000000018 1.0000000180025095e-35 6.6339758955710328 89.500000000000014 6.2334293711344477 7.5000000000000009 6.8134421843378137 7.5000000000000009 7.7788393961256839 7.5948838811618291 93.500000000000014 7.0800261456502254 6.9431219569644993 6.600550308970857
decision_type=2 2 2 2 2 2 2 2 2 2 2 2 2 2 2 2 2 2 2 2 2 2 2 2 2 2 2 2 2 2
left_child=2 4 17 5 7 11 -6 8 -2 29 18 14 13 27 -3 -10 22 20 -11 -17 -1 -8 -12 -13 25 -14 -26 -7 -20 -9
right_child=1 3 -4 -5 6 12 21 9 15 10 16 23 24 -15 -16 19 -18 -19 28 -21 -22 -23 -24 -25 26 -27 -28 -29 -30 -31
leaf_value=0.078315599382686521 0.026409243091545617 -0.031488637355869008 -0.090541615983281212 -0.087372884323295111 -0.065904178543628275 -0.082624572955303704 -0.028775002180913375 -0.0047229896216136125 -0.023626604527529984 0.050258226024575803 0.00011138726358685457 -0.019106493356543831 -0.079103023815496276 -0.04201890384396223 -0.063098228110666663 0.016245515660166614 0.03341684099370875 0.089502341808338104 0.020577548171066044 -0.0065281271055584846 0.061464368282681064 -0.0076100791745480935 0.021363769005459773 -0.039052994448372326 -0.086742782379096661 -0.059189070205954021 -0.070956097921134748 -0.065217978979405913 0.037803893015977461 0.011081045634491072
leaf_weight=188.25160123407841 8.7105557322502154 4.9176499843597439 4.7248784601688376 137.88567639887333 4.9254736453294781 5.1868758201599139 5.8250754773616773 4.9864969849586478 6.2779955118894604 8.1435698568820971 8.1199343800544757 5.570129379630087 13.077692329883577 7.5568760186433783 10.096861049532889 5.9175996929407102 5.1677125990390769 18.357941880822182 5.4431519955396634 7.4333223551511765 5.5517888069152823 7.7287358045578003 5.4600448161363593 6.335114598274231 14.050417408347132 7.8688404560089102 5.9045495688915244 6.4005469679832458 5.8093222677707672 8.067954480648039
leaf_count=819 37 20 19 564 20 21 24 21 26 35 34 23 53 31 41 25 22 75 23 31 24 32 23 26 57 32 24 26 25 34
internal_value=-0.000963242 -0.0520939 0.0751526 -0.0778058 0.00688934 -0.0626371 -0.0298195 0.015418 0.00456326 0.0214264 0.0270331 -0.0425626 -0.0716369 -0.0607766 -0.0527453 -0.00513115 0.0154814 0.0788426 0.0381987 0.00356595 0.0778329 -0.0167062 0.00865624 -0.0297206 -0.0767202 -0.0716221 -0.0820716 -0.0730097 0.029471 0.00504427
internal_weight=539.754 322.868 216.886 224.851 98.0169 86.9656 18.4793 79.5377 28.3395 51.1982 38.1437 26.9198 60.0458 19.1443 15.0145 19.6289 18.7477 212.161 19.396 13.3509 193.803 13.5538 13.58 11.9052 40.9015 20.9465 19.955 11.5874 11.2525 13.0545
internal_count=2267 1330 937 918 412 354 76 336 119 217 162 110 244 78 61 82 79 918 83 56 843 56 57 49 166 85 81 47 48 55
is_linear=0
shrinkage=0.05


Tree=6
num_leaves=31
num_cat=0
split_feature=2 0 0 2 3 4 3 3 4 3 2 3 3 3 2 2 2 4 2 4 2 4 4 2 2 2 2 0 2 2
split_gain=858.186 130.763 15.3059 10.5321 5.40941 6.83688 3.75846 3.59524 5.46773 5.36156 5.0229 4.0195 3.74935 4.81892 3.42517 2.73954 2.55252 1.8795 1.22481 1.12988 0.740874 0.713505 1.36503 1.87209 0.856612 0.575552 0.562491 1.74235 0.19218 0.0763542
threshold=16.510072402756375 1.0000000180025095e-35 1.5000000000000002 17.407645694506037 8.5000000000000018 96.500000000000014 5.5000000000000009 8.5000000000000018 106.50000000000001 7.5000000000000009 16.791414735097117 3.5000000000000004 2.5000000000000004 1.5000000000000002 17.021011126074665 17.638149826556383 16.867212517838407 20.500000000000004 16.737057248269522 67.500000000000014 17.032419928827519 103.50000000000001 55.500000000000007 17.446622849738542 17.456575202574438 17.28396169184801 16.386593989571335 1.0000000180025095e-35 17.565860253562708 17.429320042075673
decision_type=2 2 2 2 2 2 2 2 2 2 2 2 2 2 2 2 2 2 2 2 2 2 2 2 2 2 2 2 2 2
left_child=26 3 4 7 16 -6 -5 9 10 11 -9 12 13 -2 -11 -8 18 28 -3 -14 -19 22 24 -24 -22 -7 -1 -28 -18 -23
right_child=1 2 -4 6 5 25 15 8 -10 14 -12 -13 19 -15 -16 -17 17 20 -20 -21 21 29 23 -25 -26 -27 27 -29 -30 -31
leaf_value=0.07573067095891875 -0.037412043189788399 -0.057444470598043786 -0.084327149591916797 0.0027510617887449786 -0.067584416982836112 -0.019866382060930832 0.013351082321738227 0.024260241556598242 0.05185746981373425 -0.026231681273939458 -0.045294865653470094 0.019482979202474243 -0.054237860679509642 0.025310621415270712 -0.077171832460465439 0.060297840906017322 -0.0565344333724975 -0.088243807557140952 -0.027338442313890189 -0.023926560698094707 -0.06304627781307176 -0.077952206250596512 -0.074411339184392217 -0.036493192312320934 -0.088799094582058757 0.0032455640322403461 0.076066419025587542 0.039773534604842287 -0.042855216174805602 -0.086790850620097532
leaf_weight=202.38060146570206 5.1111875027418137 8.3606578260660154 139.14439971745014 9.4301752001047152 8.5965271294116992 5.1683403849601728 4.7902925461530677 4.9915213137865049 4.9677652716636649 9.0243512541055662 5.4074838012456894 9.4123090505599958 5.9270995408296585 7.6389546692371368 5.2021743655204764 8.8456233739852888 5.3962281793355924 7.3615273088216773 5.6690486222505561 6.3877640515565872 5.6125499606132525 4.8911190181970579 6.3766786456108075 6.6496812105178833 7.6036087274551392 5.6259136646986008 12.138620913028719 4.5452749133110038 4.8982289135456085 4.8826463669538498
leaf_count=900 21 34 577 39 35 21 20 21 21 37 22 39 24 32 21 39 22 30 23 26 23 20 26 27 31 23 54 19 20 20
internal_value=-0.000919469 -0.0539933 -0.0740381 -0.00195025 -0.0575997 -0.0343157 0.0270211 -0.0123802 0.0087058 -0.0190332 -0.0119084 -0.00837663 -0.0188384 0.0001668 -0.0448588 0.0438055 -0.0642685 -0.0692322 -0.0452794 -0.0385153 -0.0737903 -0.0708361 -0.0665412 -0.0550549 -0.0778626 -0.00782055 0.0750032 0.066179 -0.0500257 -0.0823677
internal_weight=532.438 313.374 226.237 87.1367 87.0928 19.3908 23.0661 64.0706 15.3668 48.7038 10.399 34.4773 25.065 12.7501 14.2265 13.6359 67.702 53.6723 14.0297 12.3149 43.3778 36.0163 26.2425 13.0264 13.2162 10.7943 219.064 16.6839 10.2945 9.77377
internal_count=2267 1294 932 362 355 79 98 264 64 200 43 142 103 53 58 59 276 219 57 50 177 147 107 53 54 44 973 73 42 40
is_linear=0
shrinkage=0.05


Tree=7
num_leaves=31
num_cat=0
split_feature=2 1 2 1 1 2 1 2 2 1 1 2 4 4 1 1 1 4 2 4 2 1 2 2 4 1 3 1 1 4
split_gain=789.907 522.33 5.60166 2.80482 1.53925 0.556167 1.38893 0.482991 0.315737 0.794626 0.232491 0.178273 0.139915 0.437119 0.110663 0.102325 0.100441 0.334455 0.056393 0.0616034 0.0472456 0.0405793 0.0486569 0.0345174 0.038467 0.0330868 0.0219651 0.0220986 0.0166723 0.0163812
threshold=16.510072402756375 6.281331292928102 17.768713972624994 5.0906732680195743 7.6302184844057086 16.386593989571335 6.8303339860793031 16.867212517838407 16.737057248269522 5.8066296841768823 6.733401183220078 17.686096241337108 57.500000000000007 30.500000000000004 6.303533889083444 7.0035189720582407 7.1808309094573319 42.500000000000007 18.726001432255213 29.500000000000004 17.706229100364197 6.9012339353508745 17.058590777590318 16.888301634571146 58.500000000000007 6.5460675355474729 8.5000000000000018 5.5853724835909757 7.4169794408037371 19.500000000000004
decision_type=2 2 2 2 2 2 2 2 2 2 2 2 2 2 2 2 2 2 2 2 2 2 2 2 2 2 2 2 2 2
left_child=5 2 8 -4 7 14 -7 15 9 -2 20 23 13 -10 -1 -3 -16 -18 19 29 25 -21 -23 -6 -25 -9 27 -14 -24 -12
right_child=1 4 3 -5 11 6 -8 10 12 -11 18 -13 26 -15 16 -17 17 -19 -20 21 -22 22 28 24 -26 -27 -28 -29 -30 -31
leaf_value=0.072980072675315158 0.080889923510033268 -0.09930234219159946 0.066389205368361279 0.022808908743412595 -0.088624693062374277 0.074419590639028282 0.043395004428409226 -0.097261877025812779 0.083759877429517127 0.056106729552244931 -0.08907927685589806 -0.081614632166277692 0.083169774489868786 0.067062635717156718 0.076615143081525547 -0.092992519087748193 0.062199819169857631 0.077335432452751929 -0.082410555882587444 -0.09095584031149874 -0.089609116459734503 -0.089343986846028872 -0.084051878153464654 -0.083214904520878194 -0.086549941208908188 -0.092447199537545391 0.081623706367410495 0.087456850187763377 -0.086808698263684592 -0.092948279926528612
leaf_weight=132.01569870114326 9.1475967615842801 15.36455385386944 7.0964680314064008 7.6959299445152283 7.3164823204278937 10.968188136816027 5.3755985200405112 7.4127438664436358 10.261976063251497 5.0034520030021659 5.6081302613019925 99.066366016864777 7.872671842575075 6.342122569680213 49.286501318216324 11.043443635106085 5.6001886725425747 10.480327263474463 5.7094792723655692 4.9102945625782004 5.8473536074161521 8.5280595272779447 16.559981003403667 17.692558154463768 16.910083323717117 6.8802757561206818 9.4361535608768445 4.8625869005918503 8.1999032497405988 5.3416674435138702
leaf_count=612 39 62 31 32 30 50 23 30 43 21 23 418 33 27 218 45 24 46 24 20 24 35 69 74 70 28 40 20 34 22
internal_value=-0.000879463 -0.0518514 0.0709174 0.043716 -0.0861504 0.0730792 0.0642154 -0.0908485 0.0785199 0.0721272 -0.0888008 -0.0827712 0.0808528 0.0773822 0.0738131 -0.0966637 0.0754956 0.0720643 -0.087114 -0.0876604 -0.0933953 -0.0867127 -0.0860868 -0.0855045 -0.0848447 -0.0949442 0.083452 0.0848067 -0.0849649 -0.0909667
internal_weight=523.837 310.11 67.719 14.7924 242.391 213.727 16.3438 101.406 52.9266 14.151 74.9979 140.985 38.7755 16.6041 197.383 26.408 65.367 16.0805 54.8575 49.148 20.1404 38.1982 33.2879 41.9191 34.6026 14.293 22.1714 12.7353 24.7599 10.9498
internal_count=2267 1294 286 63 1008 973 73 416 223 60 309 592 163 70 900 107 288 70 227 203 82 158 138 174 144 58 93 53 103 45
is_linear=0
shrinkage=0.05


Tree=8
num_leaves=31
num_cat=0
split_feature=2 1 0 2 0 2 0 1 0 1 2 1 3 2 2 2 1 3 1 2 2 3 3 2 3 3 2 2 3 1
split_gain=729.57 479.406 5.65915 7.9047 3.80347 1.16866 0.632613 2.02157 0.405666 0.131272 0.120484 0.103995 0.0711072 0.0587227 0.0286755 0.0326964 0.0246609 0.0177355 0.0165235 0.0124026 0.0118026 0.0150959 0.0132794 0.012335 0.00884424 0.00948579 0.00845957 0.0078503 0.00281217 0.00280092
threshold=16.510072402756375 6.281331292928102 1.0000000180025095e-35 17.768713972624994 1.0000000180025095e-35 17.130880395533119 1.0000000180025095e-35 7.1216555154957861 1.5000000000000002 6.303533889083444 16.301878933376464 7.8250445331454843 8.5000000000000018 17.565860253562708 17.393507314681955 17.115197958064361 6.9655513755161147 7.5000000000000009 7.5948838811618291 17.297207484830576 16.696913955010618 2.5000000000000004 5.5000000000000009 16.611093693143349 5.5000000000000009 7.5000000000000009 16.696913955010618 16.922499174224299 3.5000000000000004 6.7973820656248938
decision_type=2 2 2 2 2 2 2 2 2 2 2 2 2 2 2 2 2 2 2 2 2 2 2 2 2 2 2 2 2 2
left_child=6 2 13 5 11 -4 9 10 12 -1 -8 14 16 20 15 26 29 -15 -11 -14 23 -22 -23 -2 28 -26 -3 -27 -18 -6
right_child=1 4 3 -5 8 -7 7 -9 -10 18 -12 -13 19 17 -16 -17 24 -19 -20 -21 21 22 -24 -25 25 27 -28 -29 -30 -31
leaf_value=0.071333125240625059 0.079412003399633932 -0.10020935022625084 0.055301625092369501 0.0016521813536262402 -0.083889812247823561 0.085353472532290989 0.077176219384432532 0.037683918611589151 -0.078744908576732553 0.073893905053532744 0.067041812450788732 -0.091776836275076157 -0.085565192752457442 0.076596475806157457 -0.1021178998365902 -0.094633202520661472 -0.081626353027354714 0.072756586237585727 0.076523542443301493 -0.088736200178739566 0.077424989769222366 0.082593629604982302 0.079524695247756669 0.075942815066911862 -0.084397755990874068 -0.083756445654641284 -0.098147779810240851 -0.081314006206572031 -0.080220605196730993 -0.085274782288240508
leaf_weight=133.31915241479874 4.8818655610084516 7.7299823611974778 7.3305758982896823 6.6513601541519156 10.577567651867868 5.7905403971672058 8.1764487624168414 5.6827836632728568 129.56441400945187 49.619883373379707 4.5729767233133307 6.676485374569892 7.7368076741695386 7.2145737260580045 4.9857534468173972 5.7213625013828269 14.705807894468309 5.1562306135892868 6.791406735777854 5.1270822137594223 5.9457377195358303 4.7689905017614391 13.511808991432188 5.3925990909337997 6.2582417875528344 4.8085954636335382 13.967885866761206 10.416401818394659 4.6930392086505881 5.5744187086820594
leaf_count=636 21 31 30 27 44 24 36 24 559 227 20 27 32 32 20 23 62 24 30 21 26 20 58 24 26 20 56 44 20 23
internal_value=-0.000844161 -0.0500724 0.0684883 0.0460552 -0.0831958 0.0685639 0.0713295 0.0624861 -0.0804011 0.0721886 0.0735412 -0.0974591 -0.0834711 0.0779515 -0.0986299 -0.0979956 -0.0827137 0.074996 0.0742105 -0.086829 0.0790113 0.0796135 0.0803253 0.0775912 -0.0820602 -0.082759 -0.0988822 -0.0820854 -0.0812863 -0.0843678
internal_weight=513.351 305.188 66.6443 19.7725 238.544 13.1211 208.163 18.4322 199.462 189.73 12.7494 39.0815 69.898 46.8718 32.405 27.4192 57.0341 12.3708 56.4113 12.8639 34.501 24.2265 18.2808 10.2745 40.8821 21.4832 21.6979 15.225 19.3988 16.152
internal_count=2267 1294 286 81 1008 54 973 80 851 893 56 157 292 205 130 110 239 56 257 53 149 104 78 45 172 90 87 64 82 67
is_linear=0
shrinkage=0.05


Tree=9
num_leaves=31
num_cat=0
split_feature=2 0 0 2 3 4 4 3 4 3 2 3 2 2 3 3 3 4 2 4 2 0 2 2 4 2 2 4 2 2
split_gain=675.274 103.22 14.1247 8.13064 4.3673 5.35016 3.07227 2.68458 4.19773 3.97706 3.75281 3.08303 2.55188 2.13399 1.97671 1.82231 3.65118 1.69087 1.68645 1.21852 0.953092 0.678196 1.56222 0.483677 0.468793 1.19499 0.460839 0.233196 0.223168 0.100142
threshold=16.510072402756375 1.0000000180025095e-35 1.5000000000000002 17.407645694506037 8.5000000000000018 96.500000000000014 95.500000000000014 8.5000000000000018 106.50000000000001 7.5000000000000009 16.791414735097117 4.5000000000000009 17.021011126074665 16.867212517838407 5.5000000000000009 2.5000000000000004 1.5000000000000002 57.500000000000007 18.307904524619691 12.500000000000002 16.737057248269522 1.0000000180025095e-35 16.323192972668725 17.032419928827519 73.500000000000014 17.516973446774873 17.28396169184801 97.500000000000014 17.257455062098135 17.446622849738542
decision_type=2 2 2 2 2 2 2 2 2 2 2 2 2 2 2 2 2 2 2 2 2 2 2 2 2 2 2 2 2 2
left_child=21 3 4 7 13 -6 14 9 10 11 -9 15 -11 20 -5 16 -2 -17 19 -15 -3 -1 -23 -21 25 28 -7 -26 -25 -29
right_child=1 2 -4 6 5 26 -8 8 -10 12 -12 -13 -14 18 -16 17 -18 -19 -20 23 -22 22 -24 24 27 -27 -28 29 -30 -31
leaf_value=0.070643621210468119 -0.032847126411790405 -0.050331925213720055 -0.077147902805340729 -0.0096165622497526929 -0.059838566540658958 -0.016998296616486965 0.050901265259054154 0.0214868311559861 0.046546385469438845 -0.022887769464037918 -0.039419991904342172 0.025819101408296248 -0.067156464888245754 -0.042498558230693123 0.027172868972254738 -0.043899929758171814 0.022365844748141055 -0.010646931363216757 -0.035460953623779844 -0.07949420050970675 -0.02335192580717077 0.071730761634586401 0.041281902776139662 -0.056018712008145038 -0.080287062864776382 -0.074868726328482488 0.0039026209410456766 -0.071767850543536335 -0.041323075682383859 -0.061850400731070676
leaf_weight=184.32289391756058 5.0407665222883242 8.0593513101339322 131.1293118596077 6.4304934740066555 8.2454684972763079 5.0582207441329938 7.2856375873088828 4.8118421137332898 4.7217066287994376 8.888645723462103 5.3311083763837814 5.7818352580070487 5.1367026418447486 5.4058942198753348 8.4478986412286741 7.0189770460128775 7.3752395510673523 8.3953872323036176 5.4847859591245642 7.2287479490041724 5.5121002942323676 11.420659095048906 6.6742915511131278 5.1688722819089907 5.1557378619909278 7.5237266272306433 5.5102816969156265 5.5918168723583204 5.1648211777210236 4.6721446663141251
leaf_count=893 21 34 577 27 35 21 33 21 21 37 22 25 21 23 38 29 32 35 23 31 23 51 29 22 22 32 23 24 22 20
internal_value=-0.000812099 -0.0484804 -0.0669019 -0.00172065 -0.0508655 -0.0296521 0.0242989 -0.0109475 0.00760309 -0.016736 -0.0105256 -0.00740377 -0.0391009 -0.0570087 0.0112723 -0.0143059 -5.00348e-05 -0.0257888 -0.0616652 -0.0647957 -0.0393739 0.0697368 0.0604998 -0.0677714 -0.0652249 -0.0597103 -0.00610083 -0.0716114 -0.0486738 -0.0672534
internal_weight=501.995 299.578 214.911 84.6662 83.782 18.814 22.164 62.5022 14.8647 47.6376 10.143 33.6122 14.0253 64.968 14.8784 27.8304 12.416 15.4144 51.3965 45.9118 13.5715 202.418 18.095 40.5059 33.2771 17.8574 10.5685 15.4197 10.3337 10.264
internal_count=2267 1294 932 362 355 79 98 264 64 200 43 142 58 276 65 117 53 64 219 196 57 973 80 173 142 76 44 66 44 44
is_linear=0
shrinkage=0.05


Tree=10
num_leaves=31
num_cat=0
split_feature=2 1 2 0 0 0 4 0 0 2 4 2 1 1 4 4 2 2 1 1 1 2 4 2 2 1 1 4 2 1
split_gain=616.908 436.936 5.08568 7.05791 3.22753 0.740873 1.61696 0.403662 0.273256 1.03928 0.106278 0.0980928 0.0906767 0.0686634 0.046795 0.0911198 0.0328791 0.0286983 0.0133493 0.0111391 0.0106073 0.010312 0.00928499 0.00927959 0.0107861 0.0051596 0.00419973 0.0058466 0.00415336 0.00330963
threshold=16.510072402756375 6.281331292928102 17.768713972624994 1.0000000180025095e-35 1.0000000180025095e-35 1.0000000180025095e-35 50.500000000000007 1.5000000000000002 1.0000000180025095e-35 17.130880395533119 109.50000000000001 17.446622849738542 6.303533889083444 7.8007763572315199 94.500000000000014 108.50000000000001 17.532934452076073 16.764352171063212 6.9012339353508745 6.9655513755161147 7.5509240552007428 17.032419928827519 112.50000000000001 16.791414735097117 16.596644446708456 4.6586997221347959 7.8657582868647848 38.500000000000007 16.673262242164068 7.4645091778270389
decision_type=2 2 2 2 2 2 2 2 2 2 2 2 2 2 2 2 2 2 2 2 2 2 2 2 2 2 2 2 2 2
left_child=5 2 8 -4 11 12 -7 14 16 -10 18 13 -1 17 19 -16 23 -3 -8 -6 -14 -19 29 24 -2 -25 27 -21 -26 -17
right_child=1 4 3 -5 7 6 10 -9 9 -11 -12 -13 20 -15 15 22 -18 21 -20 26 -22 -23 -24 25 28 -27 -28 -29 -30 -31
leaf_value=0.068508865407146735 0.077825049206549229 -0.09483095993169155 0.07301728166005042 -0.0024640762684208085 -0.079672252900115176 0.042335226710278097 0.071540404769455418 -0.074592573280793537 0.05628969270636789 0.084325157550412311 0.064016279495305667 -0.098152815767256735 0.070719467506438219 -0.086117611309033837 -0.084892783747811923 -0.078641095223901364 0.072281021660051042 -0.092297079200204232 0.075424636059061578 -0.07940628910697406 0.072882358217587581 -0.08953155658060083 -0.080358430506159734 0.076110035877185525 0.073826181408137168 0.078021776289275549 -0.077173825265592924 -0.077772450411561833 0.075944840819126058 -0.076786334772344367
leaf_weight=123.62805046141148 5.0363688021898261 9.191250950098043 6.8513760417699796 5.6516220271587372 13.064631730318068 8.4306047260761279 4.3902796208858472 118.45023769140244 7.7744717299938184 5.7509322911500931 4.438146397471427 6.9709133803844443 46.352776765823364 4.8523517102003089 9.6219766438007372 4.8538597077131254 4.2361686229705802 8.9186384379863721 4.4583095610141754 8.3741689324378985 6.4584055095911017 5.4187888354063025 5.115135744214057 4.4905023574829128 4.3549731075763685 16.489783927798271 11.396237477660177 15.818703576922415 4.9340087473392487 4.7675480246543884
leaf_count=627 22 37 32 23 56 37 21 536 32 24 20 28 224 20 40 21 20 36 20 36 30 22 22 20 20 72 50 69 22 21
internal_value=6.6368e-05 -0.046094 0.0675859 0.0388981 -0.078958 0.0681771 0.0594628 -0.076395 0.074345 0.0682102 0.0703305 -0.0928385 0.0692497 -0.0915331 -0.0793192 -0.0811082 0.0764434 -0.09265 0.0734975 -0.0784236 0.070984 -0.0912519 -0.0786371 0.0769428 0.0759618 0.0776126 -0.0779652 -0.078338 0.0749515 -0.077722
internal_weight=490.541 292.385 65.5702 12.503 226.814 198.157 21.7173 191.462 53.0672 13.5254 13.2867 35.3519 176.439 28.381 73.0123 24.3585 39.5418 23.5287 8.84859 48.6537 52.8112 14.3374 14.7365 35.3056 14.3254 20.9803 35.5891 24.1929 9.28898 9.62141
internal_count=2260 1281 287 55 994 979 98 851 232 56 61 143 881 115 315 104 176 95 41 211 254 58 64 156 64 92 155 105 42 42
is_linear=0
shrinkage=0.05


Tree=11
num_leaves=31
num_cat=0
split_feature=2 0 0 3 2 3 2 4 4 3 3 4 3 2 4 2 4 2 4 4 0 4 4 4 3 2 2 4 2 2
split_gain=572.859 101.356 11.6 3.59181 3.17907 3.54622 3.24102 3.34246 3.32536 2.98323 2.89288 2.81086 2.70341 1.65976 1.63027 1.27933 1.20012 1.06849 0.929833 0.840982 0.796696 1.5743 0.778358 0.561109 0.388916 0.186865 0.134963 0.107107 0.0825097 0.0756664
threshold=16.510072402756375 1.0000000180025095e-35 1.5000000000000002 1.5000000000000002 17.361280077046874 2.5000000000000004 16.696913955010618 59.500000000000007 86.000000000000014 8.5000000000000018 8.5000000000000018 96.500000000000014 5.5000000000000009 17.686096241337108 74.500000000000014 16.867212517838407 82.500000000000014 17.058590777590318 57.500000000000007 22.500000000000004 1.0000000180025095e-35 50.500000000000007 38.500000000000007 43.500000000000007 3.5000000000000004 17.115197958064361 17.532934452076073 109.50000000000001 17.151972010576383 17.547617480881957
decision_type=2 2 2 2 2 2 2 2 2 2 2 2 2 2 2 2 2 2 2 2 2 2 2 2 2 2 2 2 2 2
left_child=20 3 9 -2 5 -5 14 19 -9 15 -10 -11 -6 -14 -7 23 17 -17 22 -8 -1 -22 24 -3 -19 -13 28 -23 -18 -26
right_child=1 2 -4 4 12 6 7 8 10 11 -12 25 13 -15 -16 16 26 18 -20 -21 21 27 -24 -25 29 -27 -28 -29 -30 -31
leaf_value=0.067962028537401104 -0.038140849918266627 -0.054256201195070512 -0.073463524813203451 0.030147443174405122 0.00027929308694220594 -0.0017944907639599592 -0.0088737010294771823 -0.063950939238228324 -0.032829557316434464 -0.055451018327775492 0.013592924593407342 -0.010154746365056035 0.019359913583819374 0.055086580811597112 0.032927916451042968 -0.075434547539146746 -0.06685249750354437 -0.056724841828715039 -0.031648232281963201 0.017109305094018003 0.040739138152748551 0.071838317967647766 -0.065837184268531149 -0.033372499373307413 -0.045241442390300618 -0.022822861743840579 -0.062456461771490272 0.062205594355818621 -0.075294733386672807 -0.036417095971961182
leaf_weight=170.93264243006706 5.0056572556495658 5.0415222942829123 119.53166492283344 7.8092116862535468 8.8301195651292819 7.384516239166258 5.791326045989992 4.8373654484748867 9.3131130337715131 7.765358671545985 5.2464725375175467 5.7077564150094968 6.9382265955209714 6.1169175207614899 6.2345396131277084 4.4659526795148841 5.1068796366453189 6.3559267073869803 6.0230790227651587 6.7368727773427963 8.3255612850189227 8.6064290702342969 8.4709554612636548 8.8847471028566343 4.8460331857204419 5.9409427493810654 6.0624165236949912 4.34142942726612 6.6798871010541916 4.8711641132831573
leaf_count=881 21 22 553 35 38 32 25 20 39 34 23 24 31 30 28 20 23 28 26 29 37 41 38 38 21 25 27 20 30 21
internal_value=7.11575e-05 -0.0447919 -0.0633804 0.00287104 0.00559957 -0.000982975 -0.00632074 -0.0150324 -0.0280345 -0.0494021 -0.0161015 -0.0321492 0.021647 0.0360995 0.0141008 -0.0544156 -0.0579663 -0.0525898 -0.0492521 0.00509832 0.0668264 0.0577015 -0.0535721 -0.0409327 -0.0471081 -0.0166156 -0.0685188 0.0686085 -0.0716369 -0.0408179
internal_weight=478.205 285.999 205.754 80.2443 75.2387 53.3534 45.5442 31.9251 19.397 86.2226 14.5596 19.4141 21.8853 13.0551 13.6191 66.8086 52.8823 35.0331 30.5672 12.5282 192.206 21.2734 24.5441 13.9263 16.0731 11.6487 17.8492 12.9479 11.7868 9.7172
internal_count=2260 1281 930 351 330 231 196 136 82 377 62 83 99 61 60 294 234 154 134 54 979 98 108 60 70 49 80 61 53 42
is_linear=0
shrinkage=0.05


Tree=12
num_leaves=31
num_cat=0
split_feature=2 0 0 2 3 3 4 3 3 3 3 4 2 2 2 4 2 2 2 2 4 0 4 4 4 3 2 2 4 4
split_gain=531.275 94.6204 11.5502 3.36972 3.54953 2.83274 2.62534 2.11025 2.70458 3.50899 3.29905 3.13085 1.43761 1.33936 1.23667 1.17292 1.0429 1.02636 2.38767 1.00042 0.881842 0.852717 1.53915 0.757455 0.527287 0.372668 0.168614 0.13528 0.108564 0.0832094
threshold=16.510072402756375 1.0000000180025095e-35 1.5000000000000002 18.083395368428118 1.5000000000000002 8.5000000000000018 96.500000000000014 2.5000000000000004 5.5000000000000009 7.5000000000000009 8.5000000000000018 105.50000000000001 17.151972010576383 17.083196858022202 16.867212517838407 82.500000000000014 17.058590777590318 16.712803191948712 17.226245321762203 16.81524913657714 57.500000000000007 1.0000000180025095e-35 50.500000000000007 38.500000000000007 43.500000000000007 3.5000000000000004 17.115197958064361 17.532934452076073 109.50000000000001 110.50000000000001
decision_type=2 2 2 2 2 2 2 2 2 2 2 2 2 2 2 2 2 2 2 2 2 2 2 2 2 2 2 2 2 2
left_child=21 3 5 4 -2 14 -7 19 17 -10 12 13 -11 -12 24 16 -16 -9 -19 -6 23 -1 -23 25 -3 -18 -8 29 -24 -17
right_child=1 2 -4 -5 7 6 26 8 9 10 11 -13 -14 -15 15 27 20 18 -20 -21 -22 22 28 -25 -26 -27 -28 -29 -30 -31
leaf_value=0.066783733847672611 -0.041469791280607994 -0.052230628071674112 -0.071813691105265837 0.04437756751818548 0.0077527763561328986 -0.053481411472749943 -0.0096462162443917351 0.0021923785760277494 0.03724408292961022 -0.0057807561876743567 -0.012906017571081958 0.043414870952856233 -0.03870669251995331 0.021398013248601848 -0.073587978389646924 -0.073634833347800299 -0.0547711314814531 -0.040394641308054743 0.00026812590340302564 0.040082692561038392 -0.03023212189337271 0.039214649229010301 0.07033394244730018 -0.063907346710932497 -0.031882340296619058 -0.039100151584858689 -0.021679233383614379 -0.060488475703623062 0.060512854534163156 -0.065089857640631146
leaf_weight=165.39155103266239 4.7836008071899405 4.9768433719873419 116.2471119761467 4.5811714082956305 4.5317053049802762 7.6516827493906048 5.7082133740186674 6.0687706172466305 7.8096265792846671 8.7062436640262586 7.9024548828601855 6.0234101414680472 5.3537609577178946 4.446462869644165 4.3520029932260504 6.3076149374246615 6.2560677826404634 8.0992541909217817 6.513329103589057 5.0698346793651581 5.9907822161912909 8.2194948345422763 8.3573023527860624 8.2949022799730283 8.8362649679183942 9.638927608728407 5.9416008144617081 5.9495532512664786 4.2422575652599326 5.1957929134368896
leaf_count=881 20 22 553 22 20 34 24 26 36 37 34 28 23 20 20 29 28 34 28 23 26 37 41 38 38 42 25 27 20 24
internal_value=7.48601e-05 -0.0432991 -0.0615674 0.00274286 0.000210137 -0.047571 -0.0307279 0.00303723 -0.000396332 0.00715594 -8.92081e-05 0.0138612 -0.0183183 -0.000554198 -0.0525117 -0.0560451 -0.0507059 -0.0150916 -0.0222699 0.0248237 -0.0474063 0.0655833 0.0560466 -0.0516596 -0.0392138 -0.045268 -0.0157833 -0.0666095 0.0670272 -0.0697753
internal_weight=467.448 281.237 201.347 79.8896 75.3085 85.1002 19.3015 70.5249 60.9233 40.242 32.4323 18.3723 14.06 12.3489 65.7988 51.9856 34.5327 20.6814 14.6126 9.60154 30.1807 186.211 20.8191 24.1899 13.8131 15.895 11.6498 17.453 12.5996 11.5034
internal_count=2260 1281 930 351 329 377 83 309 266 178 142 82 60 54 294 234 154 88 62 43 134 979 98 108 60 70 49 80 61 53
is_linear=0
shrinkage=0.05


Tree=13
num_leaves=31
num_cat=0
split_feature=1 0 0 0 1 1 4 3 4 4 1 4 1 3 1 1 0 1 3 3 4 1 1 1 1 1 1 1 4 4
split_gain=499.793 92.7969 36.3908 9.85292 8.04621 3.1514 2.32414 1.78277 1.58701 3.45724 2.63194 1.77716 2.92255 1.54892 1.5234 1.38317 1.29218 1.13459 1.06175 1.31096 1.02145 0.803307 0.701621 0.576941 0.57068 0.548654 0.529708 1.5166 0.538909 0.656097
threshold=6.303533889083444 1.0000000180025095e-35 1.5000000000000002 1.5000000000000002 7.7380514425712974 6.980075507895271 108.50000000000001 2.5000000000000004 96.500000000000014 103.50000000000001 6.9655513755161147 87.500000000000014 7.4462932987409234 1.5000000000000002 7.1216555154957861 8.2309766313602122 1.0000000180025095e-35 6.8695328517904199 9.5000000000000018 4.5000000000000009 95.500000000000014 6.5854815236201967 6.5589065201527559 6.5286883779423883 6.5854815236201967 6.2334293711344477 7.7788393961256839 7.5948838811618291 59.500000000000007 110.50000000000001
decision_type=2 2 2 2 2 2 2 2 2 2 2 2 2 2 2 2 2 2 2 2 2 2 2 2 2 2 2 2 2 2
left_child=2 4 16 5 7 6 17 13 11 -10 24 12 14 -2 18 -6 25 20 19 21 22 -9 -3 -21 -11 -1 27 28 -7 -30
right_child=1 3 -4 -5 15 26 -8 8 9 10 -12 -13 -14 -15 -16 -17 -18 -19 -20 23 -22 -23 -24 -25 -26 -27 -28 -29 29 -31
leaf_value=0.067536019763474273 0.0057414842107405481 -0.026403815831630362 -0.078651931882367618 -0.070767871190725848 -0.02173750570448528 -0.062676939669803963 0.00016389320087420247 0.024043484915825288 -0.032565019746376524 0.015859923645458657 -0.013842053725162043 0.049065411001105418 -0.020332237841448893 -0.033051534976535256 0.047924085824147721 -0.05796830712753747 0.080974293092997154 -0.020767326649532156 -0.0059174971468349607 0.018637992320215405 -0.067579333779073103 -0.0041749109121251293 -0.050441593081550766 0.042674596596811921 0.039009854698697673 0.049704221597384197 -0.061388838300303596 -0.030934774389816951 -0.041663347930328248 -0.063117586918545604
leaf_weight=152.46352055668831 6.0924339145421964 5.6198101043701261 4.3040266931056967 110.36934834718704 5.7671782970428449 15.484016746282579 4.2423702031373969 4.3799862712621778 5.7122971713542965 5.3131043165922183 6.048211231827735 4.0498551577329627 5.2441412806510916 4.4544843435287476 4.2352498322725287 4.8492296487092972 18.585887312889099 5.5986365377902976 4.7010757476091376 4.1885389685630781 4.3593178838491431 5.9456992894411087 6.6017463803291321 6.1797081679105759 5.3355575352907181 4.439285844564437 19.177546262741089 7.4339396357536307 9.7973152846097928 5.6006408035755149
leaf_count=814 29 26 18 543 26 71 20 22 26 26 28 21 24 20 22 21 81 26 22 21 19 28 30 32 27 23 89 34 45 26
internal_value=7.82944e-05 -0.0420843 0.0649853 -0.0609497 0.002345 -0.0480364 -0.0337433 0.0083461 0.0116114 0.00101137 0.0124985 0.017714 0.0140733 -0.0106427 0.0201626 -0.0382866 0.0685082 -0.0402288 0.0155326 0.0204055 -0.0468001 0.00779487 -0.0393884 0.0329643 0.0274593 0.0670315 -0.0546051 -0.0512097 -0.0560903 -0.0494668
internal_weight=456.574 276.781 179.793 194.285 82.4968 83.9153 26.4219 71.8803 61.3334 22.4092 16.6969 38.9243 34.8744 10.5469 29.6303 10.6164 175.489 22.1795 25.395 20.6939 16.5809 10.3257 12.2216 10.3682 10.6487 156.903 57.4935 38.3159 30.882 15.398
internal_count=2260 1324 936 929 395 386 121 348 299 107 81 192 171 49 147 47 918 101 125 103 75 50 56 53 53 837 265 176 142 71
is_linear=0
shrinkage=0.05


Tree=14
num_leaves=31
num_cat=0
split_feature=2 0 0 2 3 3 4 3 3 3 3 4 2 2 2 2 4 2 0 4 2 4 2 4 4 2 4 2 2 4
split_gain=472.406 79.5509 10.5136 3.04161 3.10545 2.49807 2.27061 1.88743 2.34457 3.16657 2.94517 2.75862 1.26139 1.17071 1.10883 1.12474 0.916741 0.904843 0.692588 1.45555 0.6097 0.747045 0.473817 0.457973 0.390668 0.375387 0.35045 0.145483 0.140782 0.108269
threshold=16.510072402756375 1.0000000180025095e-35 1.5000000000000002 18.083395368428118 1.5000000000000002 8.5000000000000018 96.500000000000014 2.5000000000000004 5.5000000000000009 7.5000000000000009 8.5000000000000018 105.50000000000001 17.151972010576383 17.083196858022202 16.867212517838407 18.382418812754725 57.500000000000007 16.81524913657714 1.0000000180025095e-35 50.500000000000007 17.058590777590318 82.500000000000014 17.516973446774873 43.500000000000007 101.50000000000001 17.327967811855668 43.500000000000007 17.532934452076073 17.115197958064361 109.50000000000001
decision_type=2 2 2 2 2 2 2 2 2 2 2 2 2 2 2 2 2 2 2 2 2 2 2 2 2 2 2 2 2 2
left_child=18 3 5 4 -2 14 -7 17 16 -10 12 13 -11 -12 23 20 -9 -6 -1 -20 -16 22 25 -3 -18 26 -22 -23 -8 -21
right_child=1 2 -4 -5 7 6 28 8 9 10 11 -13 -14 -15 15 -17 24 -19 19 29 21 27 -24 -25 -26 -27 -28 -29 -30 -31
leaf_value=0.064978231211940587 -0.040496942438563555 -0.049649410245183878 -0.068924942427649863 0.041445440358485228 0.0058771125797781008 -0.050884751087930891 -0.0097273661910974325 -0.027760073954209142 0.034274479303264431 -0.0071630484050496726 -0.013443858235977796 0.04004655428032896 -0.038132537825823813 0.018929058055024039 -0.070705345643144277 -0.030074120201329504 0.00110414341376792 0.037022297887749932 0.038800239715299001 0.069401911968239458 -0.037542312030443503 -0.066521167432095546 -0.05592314430001627 -0.030427473181972683 -0.017692413045410457 -0.030048580889842105 -0.056911310861363411 -0.055970969661949845 -0.020807634823977794 0.059491943343333346
leaf_weight=155.50266750156879 4.7476850450038901 4.8237033635377875 109.42051634192467 4.3927091509103766 4.4502356648445112 7.4123842567205456 5.6202527284622175 8.901146814227106 7.5525178909301749 8.6157338917255419 7.8144584894180316 5.7942519038915625 5.3169888257980338 4.3457935899496078 5.9968374520540229 4.6661999076604834 6.9255460947751981 4.8994092494249344 8.1485065966844576 8.1371059566736204 4.4097669571638125 9.1478692740201932 11.47780419886112 8.6653861850500089 4.600722461938858 4.3650308698415747 4.964459702372551 5.0834059864282599 5.8512750118970871 4.1678217351436606
leaf_count=881 20 22 553 22 20 34 24 38 36 37 34 28 23 20 29 21 30 23 37 41 20 44 53 38 20 20 23 24 25 20
internal_value=8.10865e-05 -0.04143 -0.0587639 0.00102255 -0.00137815 -0.0452846 -0.0293159 0.00130507 -0.00195782 0.00516328 -0.00173173 0.0116542 -0.0189816 -0.00187452 -0.050026 -0.0534512 -0.0157067 0.0221978 0.0638406 0.0551911 -0.0558515 -0.0535935 -0.0484245 -0.0373012 -0.00639852 -0.0421602 -0.0477999 -0.0627526 -0.0153791 0.0660453
internal_weight=446.218 270.262 191.905 78.3572 73.9645 82.4844 18.8839 69.2168 59.8672 39.4397 31.8872 17.9545 13.9327 12.1603 63.6005 50.1114 20.4274 9.34964 175.956 20.4534 45.4452 39.4483 25.2171 13.4891 11.5263 13.7393 9.37423 14.2313 11.4715 12.3049
internal_count=2260 1281 930 351 329 377 83 309 266 178 142 82 60 54 294 234 88 43 979 98 213 184 116 60 50 63 43 68 49 61
is_linear=0
shrinkage=0.05


Tree=15
num_leaves=31
num_cat=0
split_feature=1 2 0 0 2 0 1 0 0 4 4 2 1 1 2 4 4 2 2 2 1 1 1 1 4 2 4 1 2 2
split_gain=461.349 338.558 35.5927 4.11646 1.68956 0.920492 1.32462 0.569321 0.459139 0.265906 0.149598 0.316093 0.125252 0.116508 0.0494349 0.0469597 0.108831 0.0423142 0.0525895 0.0304476 0.0118032 0.0110847 0.0103001 0.00918245 0.00791754 0.00715479 0.00341449 0.00367788 0.00240499 0.00226989
threshold=6.303533889083444 16.510072402756375 1.5000000000000002 1.0000000180025095e-35 16.578468816622046 1.0000000180025095e-35 7.0800261456502254 1.0000000180025095e-35 1.5000000000000002 96.500000000000014 1.5000000000000002 16.510072402756375 6.0342838271617802 7.6473087184357089 17.516973446774873 94.500000000000014 108.50000000000001 17.393507314681955 16.764352171063212 16.696913955010618 7.6302184844057086 6.9655513755161147 5.0657496176235997 7.4645091778270389 89.500000000000014 17.032419928827519 38.500000000000007 7.7788393961256839 17.198423285563539 16.970034906920045
decision_type=2 2 2 2 2 2 2 2 2 2 2 2 2 2 2 2 2 2 2 2 2 2 2 2 2 2 2 2 2 2
left_child=2 5 4 13 10 20 -7 12 15 -9 -1 -12 14 17 19 21 -17 18 -3 -6 -2 28 -21 -18 -24 -20 27 -23 -5 -28
right_child=1 3 -4 8 7 6 -8 9 -10 -11 11 -13 -14 -15 -16 16 23 -19 25 22 -22 26 24 -25 -26 -27 29 -29 -30 -31
leaf_value=0.054835777894950824 0.065545116888089325 -0.091158141228347964 -0.08032695036889724 -0.07212477109140078 0.070025287214884921 0.064807067626145395 0.033788749324311598 0.088558740859300697 -0.067159975512133749 0.074794827891989296 0.063280991756090102 0.07829259494577101 0.063360735698742149 -0.082620546085615074 0.068591829524522849 -0.078542714327522745 -0.072674076261772261 -0.093408814210210009 -0.087240072169499916 0.072783682341686015 0.067953994237345119 -0.072364649157790159 0.076119998383934948 -0.069975901475664556 0.073404370565638491 -0.084887897570734339 -0.071602748555545118 -0.070638407038358872 -0.073472813212692348 -0.070304949296395497
leaf_weight=4.8799955993890753 40.090147748589516 9.5778871476650291 4.2132834196090689 6.9943969845771772 5.8766599595546749 7.8435799330472928 6.1332441568374634 8.3073710948228818 104.24081249535084 6.0751076638698569 104.25829589366913 3.6287677884101859 4.6369317024946204 8.776728078722952 7.5983617156743994 9.1224337369203585 6.5528645068407041 4.9635162353515616 8.2587321102619153 8.2918152809143084 5.8239697515964499 7.65563613176346 7.1334592550992948 6.0779869705438614 4.3031534254550934 5.3125908225774756 4.4046584516763714 5.1688192486763 6.2786476612091064 14.332502037286757
leaf_count=29 222 39 18 33 29 38 28 34 548 26 629 16 22 37 39 40 31 20 34 39 30 36 32 30 20 22 21 25 29 70
internal_value=-0.00144524 -0.0423046 0.0631772 -0.0725026 0.0668418 0.0624306 0.0511958 0.0742769 -0.0692317 0.0827449 0.0633986 0.0637859 0.0710584 -0.0876495 0.0721334 -0.072475 -0.0743813 -0.0892196 -0.0883213 0.0731844 0.0658507 -0.0715501 0.0741254 -0.0713757 0.0750982 -0.0863193 -0.0710403 -0.0716689 -0.0727624 -0.07061
internal_weight=436.812 267.609 169.203 207.718 164.99 59.8909 13.9768 52.2229 170.829 14.3825 112.767 107.887 37.8404 36.8895 33.2034 66.5879 21.7533 28.1127 23.1492 25.6051 45.9141 44.8347 19.7284 12.6309 11.4366 13.5713 31.5616 12.8245 13.273 18.7372
internal_count=2266 1333 933 1015 915 318 66 241 863 60 674 645 181 152 159 315 101 115 95 120 252 214 91 61 52 56 152 61 62 91
is_linear=0
shrinkage=0.05


Tree=16
num_leaves=31
num_cat=0
split_feature=1 2 0 0 2 0 1 0 0 1 4 2 4 4 2 2 2 2 1 2 1 1 1 4 4 4 1 2 2 2
split_gain=430.738 321.349 33.5348 3.36758 1.90292 0.952996 1.29371 0.613574 0.379393 0.0959218 0.0610437 0.046428 0.040898 0.0910016 0.0286511 0.0474421 0.0145348 0.0110561 0.010078 0.00983847 0.00893926 0.00748942 0.00657249 0.00558191 0.00422046 0.00275115 0.00298274 0.00258498 0.00193531 0.00183853
threshold=6.281331292928102 16.510072402756375 1.5000000000000002 1.0000000180025095e-35 16.510072402756375 1.0000000180025095e-35 7.0800261456502254 1.0000000180025095e-35 1.5000000000000002 7.6473087184357089 94.500000000000014 17.516973446774873 94.500000000000014 108.50000000000001 17.393507314681955 16.764352171063212 16.627918953536653 16.696913955010618 7.6302184844057086 16.611093693143349 6.9655513755161147 7.4645091778270389 4.6586997221347959 92.500000000000014 71.500000000000014 38.500000000000007 7.7788393961256839 17.130880395533119 17.198423285563539 16.970034906920045
decision_type=2 2 2 2 2 2 2 2 2 2 2 2 2 2 2 2 2 2 2 2 2 2 2 2 2 2 2 2 2 2
left_child=2 5 4 9 -1 18 -7 11 12 14 -9 17 20 -14 15 16 -3 19 -2 -6 28 -15 -19 27 -17 26 -22 -24 -5 -27
right_child=1 3 -4 8 7 6 -8 10 -10 -11 -12 -13 13 21 -16 24 -18 22 -20 -21 25 -23 23 -25 -26 29 -28 -29 -30 -31
leaf_value=0.062462454287011485 0.064516570443660548 -0.08607615381415909 -0.077997653631911426 -0.070589611552661288 0.071814676733007732 0.063294847844013374 0.032492661854751671 0.085322255362739741 -0.066045373526081141 -0.080056070885420411 0.078897092107080083 0.067348613610766689 -0.076509493769116227 -0.071108222332548737 -0.089552318482844173 -0.084554922918953335 -0.089943448098425527 0.070688511377691068 0.066775603218568236 0.06863514377447659 -0.070809001043094386 -0.068634623894301625 0.074398935910484895 0.071675244621647954 -0.082747205974811361 -0.070115471925640604 -0.069231126126207229 0.072707436884001705 -0.071816153715294442 -0.068929930795945143
leaf_weight=103.60792562365532 39.851251363754272 4.8300730884075218 4.1243957281112662 6.7942567914724332 4.8165465891361254 7.7907682806253415 6.0608684569597244 8.6800781190395337 100.78755922615528 8.6092006117105466 6.4388976693153372 8.1052042394876462 9.1473875194787997 6.367016449570654 4.9194608330726615 5.2704776525497428 4.8886918425559998 5.1214414387941387 5.6351945847272864 4.9164574295282364 7.4381492584943789 5.8916511833667755 4.5809261947870237 6.8857663720846167 8.334869906306265 4.2764354795217541 5.014115184545517 4.4555231034755707 6.1066680550575256 13.898491337895392
leaf_count=649 229 20 18 33 23 39 28 36 548 37 28 43 41 31 20 22 20 25 30 25 36 30 21 33 35 21 25 21 29 70
internal_value=-0.00141264 -0.041031 0.0627458 -0.0710057 0.0664288 0.0612997 0.0498172 0.0740389 -0.0679656 -0.0846764 0.0825859 0.0707154 -0.0709461 -0.0727355 -0.0860848 -0.0853534 -0.0880215 0.0716021 0.0647964 0.0702086 -0.0700662 -0.0699194 0.0722466 0.0727477 -0.0834475 -0.0696011 -0.0701736 0.0735649 -0.0711702 -0.0692089
internal_weight=423.646 261.913 161.733 202.575 157.609 59.3381 13.8516 54.0008 165.722 36.8528 15.119 38.8819 64.9342 21.4061 28.2436 23.3241 9.71876 30.7767 45.4864 9.733 43.5281 12.2587 21.0437 15.9222 13.6053 30.6272 12.4523 9.03645 12.9009 18.1749
internal_count=2266 1344 922 1018 904 326 67 255 864 154 64 191 316 102 117 97 40 148 259 48 214 61 100 75 57 152 61 42 62 91
is_linear=0
shrinkage=0.05


Tree=17
num_leaves=31
num_cat=0
split_feature=1 2 0 0 2 0 1 0 0 3 1 2 3 3 3 1 2 2 1 3 3 3 1 2 1 2 2 3 1 2
split_gain=402.329 299.476 31.3359 2.69393 1.55496 0.995466 1.25805 0.488665 0.309801 0.0802325 0.0746381 0.0376135 0.0366465 0.0363499 0.0242219 0.0147412 0.0118996 0.0132342 0.0115527 0.0113989 0.00992209 0.00891029 0.00827442 0.00821661 0.00372026 0.00305082 0.00282261 0.00305962 0.00235187 0.00144646
threshold=6.281331292928102 16.510072402756375 1.5000000000000002 1.0000000180025095e-35 16.510072402756375 1.0000000180025095e-35 7.0800261456502254 1.0000000180025095e-35 1.5000000000000002 8.5000000000000018 7.6473087184357089 17.516973446774873 8.5000000000000018 9.5000000000000018 9.5000000000000018 6.9655513755161147 17.327967811855668 16.764352171063212 7.0656129989643803 2.5000000000000004 5.5000000000000009 7.5000000000000009 7.6302184844057086 16.877063112198339 7.6110995190406507 16.791414735097117 17.375674142758413 5.5000000000000009 7.7676858444608303 16.922499174224299
decision_type=2 2 2 2 2 2 2 2 2 2 2 2 2 2 2 2 2 2 2 2 2 2 2 2 2 2 2 2 2 2
left_child=2 5 4 10 -1 22 -7 11 9 15 13 14 -9 16 19 29 17 -3 -11 -6 -21 -13 -2 -17 -20 -22 -25 -28 -29 -5
right_child=1 3 -4 8 7 6 -8 12 -10 18 -12 21 -14 -15 -16 23 -18 -19 24 20 25 -23 -24 26 -26 -27 27 28 -30 -31
leaf_value=0.061708010464083286 0.063610602680770775 -0.083238192304277203 -0.075907062389230659 -0.070704614229159718 0.068885617162836824 0.06191408761617459 0.031246563016371676 0.081961549484095203 -0.06501989937766206 -0.075019564472247224 -0.07776320934148763 0.067722097820981583 0.076834234050014175 -0.086655774921030201 0.067560383664489437 -0.06979501753790418 -0.084405544328187712 -0.080422265190616224 -0.072954308596946404 0.073011808596474451 0.069568263053528839 0.064325093558452812 0.065692983487038836 -0.067115863293836814 -0.070958556599496389 0.071286026806666777 -0.06743777702039655 -0.069579279719322096 -0.067890524354495496 -0.069598830369684436
leaf_weight=99.729157835245132 38.433809921145439 7.1354578286409476 4.0285130441188803 4.1236576437950125 5.3184768259525361 7.5718564987182599 5.9892970770597458 9.2314086407423002 97.345546245574951 4.3756252378225318 8.4245545566081983 4.3938489109277716 5.5983123779296866 5.8025043010711661 7.0527039468288413 5.4714315980672827 4.8081115186214438 10.048311814665793 4.4516173303127271 6.8589351475238827 4.4176425933837873 3.4429880678653717 5.4464445263147345 12.5106388181448 4.9112401455640793 6.2301613837480545 8.4177057892084139 4.4185699671506864 3.8650919198989868 10.456348747014998
leaf_count=649 229 30 18 20 27 39 28 39 548 20 37 23 25 24 37 27 20 43 21 32 22 20 30 66 24 30 44 22 20 52
internal_value=-0.00138283 -0.0402215 0.0617341 -0.0695699 0.0653755 0.0602099 0.0483697 0.0723364 -0.066788 -0.0695198 -0.081886 0.0693128 0.080026 -0.0831356 0.0701215 -0.0685776 -0.0822068 -0.0815916 -0.0728986 0.0709128 0.0715287 0.0662297 0.0638691 -0.0680168 -0.0719074 0.0705733 -0.0676837 -0.0681091 -0.0687913 -0.0699116
internal_weight=410.31 254.008 156.302 196.566 152.274 57.4414 13.5612 52.5445 160.347 63.0019 36.2189 37.7148 14.8297 27.7944 29.8779 49.2634 21.9919 17.1838 13.7385 22.8252 17.5067 7.83684 43.8803 34.6834 9.36286 10.6478 29.212 16.7014 8.28366 14.58
internal_count=2266 1344 922 1018 904 326 67 255 864 316 154 191 64 117 148 251 93 73 65 111 84 43 259 179 45 52 152 86 42 72
is_linear=0
shrinkage=0.05


Tree=18
num_leaves=31
num_cat=0
split_feature=1 2 2 1 2 1 2 1 2 2 4 4 2 3 2 1 4 2 1 1 1 2 4 3 3 4 1 1 2 2
split_gain=376.234 279.461 3.65813 1.8641 0.72491 0.711098 0.485243 1.29024 0.253967 0.1374 0.125028 0.419699 0.107058 0.0815691 0.106724 0.0922954 0.098195 0.0754313 0.0475002 0.0450617 0.0293201 0.0262488 0.0160997 0.0149803 0.0139876 0.00927302 0.0215084 0.00722375 0.00845745 0.00703271
threshold=6.281331292928102 16.510072402756375 17.768713972624994 5.0906732680195743 16.565324616883579 7.0035189720582407 16.323192972668725 7.0800261456502254 17.706229100364197 16.81524913657714 41.500000000000007 28.500000000000004 16.510072402756375 9.5000000000000018 16.953466743407954 5.2652741739841078 67.500000000000014 17.058590777590318 6.5743780037801338 7.8887088915272887 7.8887088915272887 18.419017877642677 66.500000000000014 8.5000000000000018 8.5000000000000018 29.500000000000004 7.2388559073370864 7.7676858444608303 17.501669621374788 16.696913955010618
decision_type=2 2 2 2 2 2 2 2 2 2 2 2 2 2 2 2 2 2 2 2 2 2 2 2 2 2 2 2 2 2
left_child=2 6 4 -4 12 9 10 -8 17 24 11 -2 -1 15 -15 16 -6 20 -11 21 25 -10 -20 27 -3 -7 -27 28 -19 -17
right_child=1 5 3 -5 13 8 7 -9 19 18 -12 -13 -14 14 -16 29 -18 23 22 -21 -22 -23 -24 -25 -26 26 -28 -29 -30 -31
leaf_value=0.06100753163255207 0.064691681094426884 -0.077129124638898358 0.056440439987329151 0.015352098124788244 0.061782561245952584 -0.070069201138110257 0.065218482871705508 0.032452845819239365 -0.068674343566280646 -0.074693554620521074 0.063451386536945695 0.046600264946243322 0.051765775126390468 0.059177903379736052 0.069482501252507614 0.070295582025830375 0.070878607250932715 -0.0671448795733703 -0.068966986050248202 -0.064291687259594124 -0.068130883640230455 -0.064851480236541595 -0.072039342513102858 -0.069698570343567884 -0.080562144984769865 -0.070386693608737436 -0.074340538560712391 -0.066501268634847441 -0.069610516574458811 0.072658412865358138
leaf_weight=95.92682158946991 8.2410808801650983 8.4470752477645856 4.9076653718948346 6.3089859187602997 5.7224453240633029 3.9088160693645539 6.6153523772954923 5.5045207440853119 10.757805958390238 10.913289725780489 29.9572544246912 5.2467566579580298 3.2394697219133368 4.6427545398473722 5.4767828732728958 4.0236645489931133 6.161994144320488 9.8810276538133639 8.7174967825412768 67.60051766037941 5.7138582468032828 7.7072491198778144 8.3464927822351438 7.6192458271980277 4.5736155211925498 5.6049796491861335 8.9033114016056043 16.415193781256676 5.3670183569192877 14.489948615431784
leaf_count=649 48 38 26 30 30 20 38 29 57 51 181 30 15 25 28 20 30 53 45 392 30 44 41 39 20 28 42 90 28 69
internal_value=-0.00135564 -0.0394777 0.060802 0.0333296 0.063008 -0.0682586 0.0591837 0.0503372 -0.0666587 -0.074092 0.0616516 0.0576541 0.0607056 0.0686431 0.0647548 0.0699375 0.0664988 -0.0690597 -0.0721174 -0.0648896 -0.0712599 -0.0670787 -0.0704698 -0.0677081 -0.078335 -0.0722307 -0.0728131 -0.0672291 -0.0680127 0.0721449
internal_weight=396.942 246.042 150.901 11.2167 139.684 190.477 55.565 12.1199 149.479 40.998 43.4451 13.4878 99.1663 40.5176 10.1195 30.3981 11.8844 63.4135 27.9773 86.0656 24.131 18.4651 17.064 39.2825 13.0207 18.4171 14.5083 31.6632 15.248 18.5136
internal_count=2266 1344 922 56 866 1018 326 67 823 195 259 78 664 202 53 149 60 330 137 493 120 101 86 210 58 90 70 171 81 89
is_linear=0
shrinkage=0.05


Tree=19
num_leaves=31
num_cat=0
split_feature=1 2 0 0 0 1 2 0 0 3 1 3 3 2 3 3 1 3 3 1 3 3 1 2 1 2 3 2 1 2
split_gain=351.812 261.152 29.5405 1.81047 1.11577 1.23129 1.097 0.351809 0.207411 0.0541978 0.0467316 0.0239993 0.023117 0.0226405 0.0155742 0.010443 0.00915797 0.00785396 0.00757797 0.00740527 0.00693207 0.00670041 0.00640742 0.00531194 0.00224169 0.00200126 0.0021481 0.00196861 0.00153336 0.00131152
threshold=6.281331292928102 16.510072402756375 1.5000000000000002 1.0000000180025095e-35 1.0000000180025095e-35 7.0800261456502254 16.510072402756375 1.0000000180025095e-35 1.5000000000000002 8.5000000000000018 7.6473087184357089 8.5000000000000018 9.5000000000000018 17.516973446774873 9.5000000000000018 2.5000000000000004 6.9655513755161147 3.5000000000000004 2.5000000000000004 7.6110995190406507 5.5000000000000009 7.5000000000000009 7.6302184844057086 16.877063112198339 7.0656129989643803 17.375674142758413 5.5000000000000009 16.791414735097117 7.7676858444608303 16.970034906920045
decision_type=2 2 2 2 2 2 2 2 2 2 2 2 2 2 2 2 2 2 2 2 2 2 2 2 2 2 2 2 2 2
left_child=2 4 6 10 22 -6 -1 13 9 16 12 -9 15 14 18 -3 -5 -17 -8 24 -20 -15 -2 -18 -11 -25 -27 -22 -28 -19
right_child=1 3 -4 8 5 -7 7 11 -10 19 -12 -13 -14 21 -16 17 23 29 20 -21 27 -23 -24 25 -26 26 28 -29 -30 -31
leaf_value=0.06035621065875188 0.062017410471748705 -0.07976673357595819 -0.074801123973752479 -0.067275577268335565 0.059335674820887654 0.028321957674303334 0.066497595550126826 0.077802565117614519 -0.063182909778700683 -0.071565216786464977 -0.074008305778511793 0.073563004970038426 -0.081206804671677499 0.065766924680315961 0.065429526090187581 -0.075623296265513507 -0.067208262467990762 -0.078419104260504982 0.069996626094366424 -0.068243193034847202 0.067063193317750347 0.062724968989909022 0.063912018709221516 -0.064959104894353123 -0.069925597835961986 -0.065241973383001625 -0.067071279251366897 0.068487189939935675 -0.065662291157157091 -0.077301281385661391
leaf_weight=92.208058908581734 35.695396929979324 4.3966796994209352 3.9641885608434668 13.655240774154661 7.1227356344461423 5.8114916980266571 4.9832672327756944 8.8952333033084852 90.479969933629036 4.138941824436186 8.0372289866209012 5.3432002812623969 5.6180758327245703 4.1400050818920127 6.6038418859243384 6.2375593334436443 5.1289409399032584 5.2792078703641874 6.480287283658984 4.6156276613473883 4.1430905461311323 3.2167985588312149 5.1001780331134787 11.670213505625727 4.2000264823436737 7.8602289259433729 4.1437154859304428 5.8598338067531586 3.6159618496894836 5.2172881960868835
leaf_count=649 229 19 18 72 39 28 27 39 548 20 37 25 24 23 37 28 27 23 32 24 22 20 30 66 21 44 22 30 20 23
internal_value=-0.00133097 -0.038799 0.0598214 -0.0670776 0.0581972 0.0454009 0.063583 0.0695737 -0.0646871 -0.0669928 -0.0773516 0.0762116 -0.0783561 0.0669058 0.0675529 -0.0775982 -0.0661894 -0.0770285 0.0682062 -0.06985 0.0687227 0.0644368 0.0622543 -0.0657319 -0.0707394 -0.0654545 -0.0658246 0.0678974 -0.0664147 -0.0778635
internal_weight=383.863 238.025 145.838 184.295 53.7298 12.9342 141.874 49.6656 149.509 59.0289 34.786 14.2384 26.7488 35.4271 28.0703 21.1307 46.0743 16.7341 21.4665 12.9546 16.4832 7.3568 40.7956 32.4191 8.33897 27.2901 15.6199 10.0029 7.75968 10.4965
internal_count=2266 1344 922 1018 326 67 904 255 864 316 154 64 117 191 148 93 251 74 111 65 84 43 259 179 41 152 86 52 42 46
is_linear=0
shrinkage=0.05


Tree=20
num_leaves=31
num_cat=0
split_feature=1 2 2 1 4 4 1 2 1 2 4 2 1 3 2 1 3 2 1 2 1 4 1 3 3 2 4 2 3 2
split_gain=319.611 240.996 3.89032 1.86107 0.942983 1.8528 0.727488 0.513524 0.448985 0.33713 0.182934 0.133984 0.075907 0.075831 0.0868334 0.0768449 0.0854383 0.0668604 0.0243006 0.0231134 0.0143807 0.0132451 0.0129622 0.0115996 0.0106368 0.00953627 0.00743118 0.00684657 0.00850613 0.00668559
threshold=6.303533889083444 16.510072402756375 17.768713972624994 5.0906732680195743 50.500000000000007 40.500000000000007 6.2567088148180039 16.565324616883579 7.6302184844057086 16.494914516120705 28.500000000000004 16.81524913657714 6.733401183220078 9.5000000000000018 16.888301634571146 5.2652741739841078 3.5000000000000004 17.488771161015809 6.995308071068961 18.567406344968024 7.5183356990241661 29.500000000000004 6.5460675355474729 7.5000000000000009 8.5000000000000018 16.696913955010618 57.500000000000007 16.801741030732291 8.5000000000000018 17.342143368962791
decision_type=2 2 2 2 2 2 2 2 2 2 2 2 2 2 2 2 2 2 2 2 2 2 2 2 2 2 2 2 2 2
left_child=2 4 6 -4 5 10 7 9 11 -1 -2 18 22 15 -15 16 -9 27 -3 21 -6 -14 23 -13 -23 -17 -24 -10 -29 -27
right_child=1 8 3 -5 20 -7 -8 13 17 -11 -12 12 19 14 -16 25 -18 -19 -20 -21 -22 24 26 -25 -26 29 -28 28 -30 -31
leaf_value=0.059776835992634808 0.063805151190744216 -0.073782909146673722 0.053559164990526653 0.012676328203185858 0.0619325759601295 0.026258482486043469 0.038684294526388198 0.058400267142966845 -0.067692295813777406 0.041983775124919555 0.050504769864238269 -0.069772305007907501 -0.068621500060888269 0.056432817270492631 0.066795251431685632 0.066977584058656808 0.067229739557278026 -0.062774702356535581 -0.070139734389224745 -0.063239096780023402 0.064804368231944173 -0.065759783187746695 -0.067342241950228643 -0.073436146105605518 -0.068228188199426429 0.070459598762696515 -0.070386029619904575 -0.064905640908011222 -0.067478369291737741 0.068106856565700841
leaf_weight=86.303619414567947 8.3788686841726321 11.246551364660265 4.8726993799209577 6.4930403232574463 28.061590969562531 6.2919696718454352 3.6504545658826819 4.2250910401344317 4.1368286907672909 2.746904417872428 3.7389077246189109 4.2527651786804217 7.4463877379894248 3.8960501849651319 4.2020613551139832 3.7147809267044094 7.7939061373472214 72.948646888136864 7.7184513360261908 5.4111604541540137 5.1610146760940543 22.183732450008396 4.067940488457678 4.3905585408210754 5.4332776367664328 10.873628363013266 3.954671248793602 15.176470220088961 4.075589030981063 4.1802832186222068
leaf_count=632 51 53 28 32 182 37 21 23 22 15 23 22 40 22 23 20 42 453 39 33 30 126 22 21 29 54 20 88 22 22
internal_value=-0.000146984 -0.0374145 0.0582691 0.0302035 0.0573487 0.0482715 0.0606933 0.0613213 -0.0657882 0.059228 0.0597014 -0.0686587 -0.06745 0.066115 0.0618098 0.0672474 0.0641259 -0.0635206 -0.0723002 -0.0662806 0.0623787 -0.06675 -0.07029 -0.0716334 -0.0662454 0.0692464 -0.0688426 -0.0658468 -0.0654503 0.0698063
internal_weight=367.028 224.075 142.953 11.3657 51.6324 18.4097 131.587 127.936 172.443 89.0505 12.1178 76.1055 57.1405 38.8858 8.09811 30.7877 12.019 96.3375 18.965 40.4746 33.2226 35.0634 16.6659 8.64332 27.617 18.7687 8.02261 23.3889 19.2521 15.0539
internal_count=2247 1313 934 60 323 111 874 853 990 647 74 405 313 206 45 161 65 585 92 228 212 195 85 43 155 96 42 132 110 76
is_linear=0
shrinkage=0.05


Tree=21
num_leaves=31
num_cat=0
split_feature=1 2 0 0 0 1 1 2 0 2 0 3 1 2 2 2 2 2 3 3 3 3 1 1 1 1 2 2 1 2
split_gain=299.244 225.694 27.321 1.16158 1.06905 1.07669 0.85364 0.746559 0.254698 0.176996 0.133526 0.0356114 0.0351688 0.0244533 0.0225731 0.016827 0.00927371 0.00757299 0.00595519 0.00567639 0.0058611 0.00646892 0.00506955 0.00406388 0.00276019 0.00233749 0.00206431 0.00186147 0.00143236 0.00141362
threshold=6.303533889083444 16.510072402756375 1.5000000000000002 1.0000000180025095e-35 1.0000000180025095e-35 7.0800261456502254 6.2567088148180039 16.510072402756375 1.0000000180025095e-35 16.24469748384541 1.5000000000000002 8.5000000000000018 7.6473087184357089 17.532934452076073 17.429320042075673 17.59700176190854 16.867212517838407 16.696913955010618 9.5000000000000018 2.5000000000000004 5.5000000000000009 7.5000000000000009 7.6110995190406507 4.4484992763719129 7.5509240552007428 6.980075507895271 17.083196858022202 17.456575202574438 7.0134656322250803 17.198423285563539
decision_type=2 2 2 2 2 2 2 2 2 2 2 2 2 2 2 2 2 2 2 2 2 2 2 2 2 2 2 2 2 2
left_child=2 4 6 12 24 9 7 -1 15 -6 11 16 14 -10 17 18 28 -3 19 -9 -21 -22 -13 -17 -2 29 -19 -27 -5 -18
right_child=1 3 -4 10 5 -7 -8 8 13 -11 -12 22 -14 -15 -16 23 25 26 -20 20 21 -23 -24 -25 -26 27 -28 -29 -30 -31
leaf_value=0.059179953234610422 0.060687390874472336 -0.075442587546630968 -0.066497058641322784 -0.066361492377520273 0.049323966595491438 0.029002521535180337 0.037328219125472226 0.064208328763698128 0.071477521711601877 0.065162668187877221 -0.06161660132362045 -0.068204685370293269 -0.070560600003903004 0.076066993887521694 -0.077861010655749019 0.061263875945229251 -0.063722653809915014 -0.073706219534680109 0.063899919146449505 0.067397727870550636 0.063787230846334447 0.066395255870677725 -0.065925964508857626 0.06364859741267051 0.062047161593072865 -0.063089000259392916 -0.072354184293228804 -0.063966140808693367 -0.065072290456667653 -0.064962489038618731
leaf_weight=83.180147513747215 32.42761193215847 5.7400839179754355 4.3127800524234763 3.7040846794843656 3.3807741552591306 6.1693196892738342 3.5953422486782065 4.6080710738897386 8.5280376672744733 3.6880019903182983 83.680672571063042 6.9120428860187513 6.5384816974401465 4.399742826819419 4.5721114426851264 2.9776787608861914 3.8813138306140882 8.4328180253505689 5.3904633820056906 6.2710770964622524 3.7064860314130765 6.6319315433502197 3.7731405943632126 4.4659122973680496 4.2174220383167258 11.970082968473436 4.2440240979194632 12.227187678217886 5.1501975357532501 5.6394841521978378
leaf_count=635 224 26 20 20 20 31 21 27 41 21 547 36 32 20 20 20 23 39 32 33 22 36 21 27 27 73 20 72 29 32
internal_value=-0.000143784 -0.0368462 0.057368 -0.0648016 0.0564444 0.0442661 0.0613619 0.0620258 0.0670645 0.0575875 -0.0628622 -0.0648193 -0.0737962 0.0730395 -0.0747165 0.0647961 -0.0641715 -0.0739358 0.065384 0.065761 0.0661918 0.0654602 -0.0674 0.0626946 0.0608439 -0.0637934 -0.0732536 -0.0635322 -0.0656116 -0.064457
internal_weight=354.417 216.349 138.068 166.466 49.8831 13.2381 133.755 130.16 46.9794 7.06878 136.938 53.2575 29.5275 12.9278 22.989 34.0516 42.5724 18.4169 26.608 21.2176 16.6095 10.3384 10.6852 7.44359 36.645 33.7181 12.6768 24.1973 8.85428 9.5208
internal_count=2247 1313 934 990 323 72 914 893 258 41 853 306 137 61 105 197 249 85 150 118 91 58 57 47 251 200 59 145 49 55
is_linear=0
shrinkage=0.05


Tree=22
num_leaves=31
num_cat=0
split_feature=2 0 0 2 3 2 2 3 4 2 0 4 2 3 2 2 2 2 2 3 2 3 4 2 2 4 2 2 3 2
split_gain=278.187 45.4873 9.49039 2.52092 2.44969 1.64595 1.0709 1.06358 1.75085 1.00116 0.943109 2.40536 0.762553 0.6118 0.474442 0.573258 1.03432 0.617886 0.465669 0.436617 0.791599 0.894519 0.673854 0.540931 0.416235 0.321461 0.163461 0.0531782 0.0469945 0.0164878
threshold=16.510072402756375 1.0000000180025095e-35 1.5000000000000002 18.083395368428118 1.5000000000000002 18.419017877642677 17.582612345135704 8.5000000000000018 94.500000000000014 17.151972010576383 1.0000000180025095e-35 50.500000000000007 17.836407418012865 7.5000000000000009 16.991255591578028 16.712803191948712 16.578468816622046 16.644270369719788 16.791414735097117 1.5000000000000002 17.393507314681955 5.5000000000000009 73.500000000000014 16.845890382180055 16.877063112198339 110.50000000000001 17.198423285563539 17.213799452649919 6.5000000000000009 17.115197958064361
decision_type=2 2 2 2 2 2 2 2 2 2 2 2 2 2 2 2 2 2 2 2 2 2 2 2 2 2 2 2 2 2
left_child=10 3 5 4 -2 7 9 12 -9 14 -1 -12 19 -11 15 16 -6 -18 -17 -3 22 -22 23 -21 -20 -24 28 -10 -25 -4
right_child=1 2 29 -5 6 -7 -8 8 27 13 11 -13 -14 -15 -16 18 17 -19 24 20 21 -23 25 26 -26 -27 -28 -29 -30 -31
leaf_value=0.059121018693738203 -0.037382442782404088 -0.024346457449424375 -0.0645305668752926 0.038750003027653517 -0.012021861268414057 -0.0041641164864277052 0.019741061058119739 -0.050496000591573269 -0.016882967151934766 -0.0017419393257819553 0.023602712093463828 0.06337527478565351 -0.058214946449476168 -0.022356901551005941 0.017080446439284205 -0.017601479666630861 0.029925203474089418 0.0041544916094106883 0.011031370820109028 -0.025892101664926954 -0.047434504991465551 -0.01761953784235001 -0.063550816212905689 -0.045448889645009649 -0.011306165328353294 -0.046194449532627545 -0.054727618927498126 -0.0093202140496877611 -0.037091302304419781 -0.061291672895020313
leaf_weight=114.21969676017761 4.5748382806777945 4.4162091314792624 4.131270319223403 4.0050223320722571 4.5072061270475414 3.8132346719503394 6.5102244615554801 4.8229954093694678 5.0663788467645627 6.6831696182489377 6.7638017684221259 8.6798508465290052 6.0489148646593085 7.7988670468330383 5.0192935019731513 5.7776318341493598 4.6958329677581769 4.6086800396442413 4.5697973370552045 5.2271467149257687 4.1632307767868024 6.3571328520774841 5.6127233505249006 3.321701303124426 3.8361802399158478 5.0845063626766205 3.354821190237999 4.2948627322912216 3.40738146007061 80.353362530469894
leaf_count=880 23 25 26 25 23 20 38 29 26 36 36 54 36 40 27 30 27 25 25 29 25 36 34 20 20 30 20 22 20 540
internal_value=-0.000139905 -0.0354156 -0.0504 0.000371574 -0.00225222 -0.0360356 0.000723604 -0.0380221 -0.0260223 -0.00188306 0.057553 0.0459562 -0.0416441 -0.0128435 0.0029248 0.000386823 0.00763739 0.0171605 -0.00667363 -0.039196 -0.0409912 -0.0294182 -0.0456725 -0.0389454 0.000837338 -0.0553012 -0.0457118 -0.0134132 -0.0412169 -0.0614501
internal_weight=341.726 212.063 149.476 62.5867 58.5817 64.9912 54.0069 61.178 14.1842 47.4967 129.663 15.4437 46.9938 14.482 33.0146 27.9953 13.8117 9.30451 14.1836 40.9449 36.5286 10.5204 26.0083 15.3111 8.40598 10.6972 10.0839 9.36124 6.72908 84.4846
internal_count=2247 1277 938 339 314 372 291 352 77 253 970 90 275 76 177 150 75 52 75 239 214 61 153 89 45 64 60 48 40 566
is_linear=0
shrinkage=0.05


Tree=23
num_leaves=31
num_cat=0
split_feature=1 2 2 1 4 4 1 2 1 2 4 2 1 4 4 1 2 1 2 4 1 1 2 3 3 3 2 1 4 2
split_gain=272.141 200.207 3.49281 1.53792 1.02175 1.90768 0.768106 0.411626 0.330894 0.316547 0.194231 0.0941574 0.0670984 0.0904601 0.274502 0.0526121 0.0511721 0.0179819 0.0160624 0.0104627 0.010134 0.00943201 0.00814102 0.00802954 0.00776902 0.00741461 0.00535894 0.00602721 0.00507617 0.0046267
threshold=6.303533889083444 16.510072402756375 17.768713972624994 5.0906732680195743 50.500000000000007 40.500000000000007 6.2567088148180039 16.565324616883579 7.6302184844057086 16.494914516120705 28.500000000000004 16.81524913657714 5.754157426206274 66.500000000000014 30.500000000000004 6.733401183220078 17.488771161015809 6.995308071068961 18.567406344968024 29.500000000000004 7.5183356990241661 6.5460675355474729 16.764352171063212 8.5000000000000018 7.5000000000000009 8.5000000000000018 17.907442007444683 8.2563450434145427 57.500000000000007 16.801741030732291
decision_type=2 2 2 2 2 2 2 2 2 2 2 2 2 2 2 2 2 2 2 2 2 2 2 2 2 2 2 2 2 2
left_child=2 4 6 -4 5 10 7 9 11 -1 -2 17 13 14 -9 21 29 -3 19 -17 -6 24 -14 -15 -13 -21 27 -18 -23 -10
right_child=1 8 3 -5 20 -7 -8 12 16 -11 -12 15 22 23 -16 18 26 -19 -20 25 -22 28 -24 -25 -26 -27 -28 -29 -30 -31
leaf_value=0.05819628905466262 0.061751600382702755 -0.070452105280072216 0.051361398168382123 0.013025231194359516 0.059979269611147482 0.021958962426863463 0.035810129424468096 0.065753904528394788 -0.065069113159360814 0.040445995015549352 0.04735468467020771 -0.066963340225188711 0.065289653170449033 0.066310502058956666 0.049707788148064612 -0.066034138739840362 -0.062783224900029008 -0.067201100252850005 -0.061215313535766647 -0.063398992790154249 0.062518417394897829 -0.064780980632097987 0.068005898085349514 0.063799682259957746 -0.07007731357390419 -0.065554684346206135 -0.060442285222775352 -0.06055710006020934 -0.067404528151095974 -0.063142524785766138
leaf_weight=76.264376141130924 7.5495346188545245 10.536488354206087 4.5173882097005826 6.215814620256424 24.986492775380615 5.8721585273742667 3.48297494649887 6.4946178644895571 3.7935369461774853 2.5972372740507117 3.3967876881361008 3.9097846746444684 4.2211031913757306 7.9204125106334669 4.5204143524169922 6.8239440321922329 5.743377670645712 7.132873833179473 4.869837373495101 20.128691822290424 4.662864312529563 3.7206759750843039 7.9615211486816406 5.3249485194683075 4.1069872677326202 4.9747732430696479 52.855497375130653 6.4611756950616837 3.6548518389463425 17.454684287309647
leaf_count=632 51 53 28 32 182 37 21 37 22 15 23 22 24 44 27 40 37 39 33 126 30 22 42 32 21 29 371 45 20 110
internal_value=-0.000133152 -0.0363165 0.0564756 0.0291601 0.0547945 0.0449503 0.0589437 0.0596425 -0.0634267 0.0576117 0.057284 -0.065985 0.0640372 0.0625168 0.0591688 -0.0649169 -0.0613561 -0.0691397 -0.0638901 -0.0642981 0.0603786 -0.0673714 0.0670648 0.0653011 -0.0685586 -0.0638262 -0.0606603 -0.0616047 -0.066081 -0.0634865
internal_weight=332.156 202.635 129.521 10.7332 46.4678 16.8185 118.788 115.305 156.167 78.8616 10.9463 69.8589 36.443 24.2604 11.015 52.1895 86.3083 17.6694 36.7972 31.9274 29.6494 15.3923 12.1826 13.2454 8.01677 25.1035 65.0601 12.2046 7.37553 21.2482
internal_count=2247 1313 934 60 323 111 874 853 990 647 74 405 206 140 64 313 585 92 228 195 212 85 66 76 43 155 453 82 42 132
is_linear=0
shrinkage=0.05


Tree=24
num_leaves=31
num_cat=0
split_feature=1 0 0 0 1 1 4 4 3 3 3 1 4 1 1 4 1 0 3 1 1 4 4 4 1 1 4 4 1 1
split_gain=255.309 44.2843 24.9908 6.86843 4.94439 1.30794 0.958634 0.763337 0.667602 0.555512 0.615522 0.74405 0.994373 0.624603 0.551853 0.58617 0.547342 0.527832 0.513434 0.49817 0.393933 0.345281 0.5551 0.33957 0.32473 1.75043 0.289558 0.184283 0.127672 0.0914294
threshold=6.281331292928102 1.0000000180025095e-35 1.5000000000000002 1.5000000000000002 7.8430637086349124 6.929516292058147 29.500000000000004 16.500000000000004 9.5000000000000018 2.5000000000000004 8.5000000000000018 7.0290859950779501 58.500000000000007 7.3443959523613698 7.2813854267391038 52.500000000000007 6.775363484645327 1.0000000180025095e-35 4.5000000000000009 6.5743780037801338 7.533693137913164 93.500000000000014 110.50000000000001 95.500000000000014 7.7233410865720353 7.4462932987409234 87.500000000000014 22.500000000000004 7.0656129989643803 6.4853956849709054
decision_type=2 2 2 2 2 2 2 2 2 2 2 2 2 2 2 2 2 2 2 2 2 2 2 2 2 2 2 2 2 2
left_child=2 4 17 5 6 16 7 -2 21 -8 11 12 -11 -13 15 -5 18 -1 -3 -12 -10 24 -23 -20 25 27 -14 -7 -21 -28
right_child=1 3 -4 14 -6 8 9 -9 20 10 19 13 26 -15 -16 -17 -18 -19 23 28 -22 22 -24 -25 -26 -27 29 -29 -30 -31
leaf_value=0.059342284103429704 0.0044534755888764451 -0.020716389221057285 -0.06429067289563159 -0.087309073171462609 -0.041884931012823617 -0.047160449022977523 -0.0071630989277129201 -0.021153709038301032 -0.018034304891690597 0.038408015513057295 -0.01650836494085035 -0.012555376050080461 0.0028203491723307237 0.01357465764158855 -0.060005366096765447 -0.05967296841536706 -0.01339141845069562 0.069353952378290715 -0.031396717712368565 0.0010033555482572023 -0.040609434632550546 -0.028502936125164198 -0.0504379460076445 -0.051521959221966701 -0.05843538499160264 -0.017142528786476222 0.024824321889186238 -0.061790075522316648 0.014616361631034934 0.014177933944764116
leaf_weight=103.77157953381538 5.8374423608183843 5.3254237920045879 4.1443881690502158 4.0257607698440543 6.4265610426664344 3.1944091916084307 5.4166040048003188 5.8037133514881134 3.4706710129976264 5.0698763430118623 3.3081942945718747 4.0516363531351072 4.9443098679184905 5.25094323605299 67.796644896268845 3.665921688079834 4.8800629228353491 15.077920645475386 4.6151307821273786 3.8778076767921448 4.3600095063447952 5.5800871104001981 5.9701598286628723 3.8398687541484833 8.1431770473718625 3.8275035768747321 3.1148102506995183 6.6001102179288864 3.0986903011798859 5.7196529731154442
leaf_count=821 38 34 20 27 36 20 33 34 20 37 20 25 33 35 499 27 31 80 29 25 26 35 39 22 53 23 22 43 21 39
internal_value=-0.000130992 -0.035389 0.0564037 -0.0514178 -0.000366358 -0.038761 0.00444179 -0.00831302 -0.0437405 0.0078277 0.00994028 0.0137647 0.0194754 0.00219401 -0.0614453 -0.0741375 -0.0277813 0.0606124 -0.0328772 -0.000528016 -0.0306038 -0.0468283 -0.0398408 -0.0405367 -0.0505364 -0.0458144 0.0125091 -0.0570187 0.00704973 0.0179316
internal_weight=320.209 197.215 122.994 135.295 61.9202 59.8066 55.4937 11.6412 41.1461 43.8525 38.4359 28.1512 18.8486 9.30258 75.4883 7.69168 18.6605 118.85 13.7804 10.2847 7.83068 33.3154 11.5502 8.455 21.7652 13.622 13.7788 9.79452 6.9765 8.83446
internal_count=2247 1326 921 928 398 375 362 72 259 290 257 191 131 60 553 54 116 901 85 66 46 213 74 51 139 86 94 63 46 61
is_linear=0
shrinkage=0.05


Tree=25
num_leaves=31
num_cat=0
split_feature=1 2 0 0 0 1 1 2 0 0 1 2 3 2 2 3 3 1 1 2 2 3 3 3 3 2 2 3 2 0
split_gain=251.004 196.432 19.0018 1.10706 1.04713 1.03171 0.916233 0.540748 0.169663 0.0973902 0.0303686 0.0202569 0.0194328 0.0153506 0.0145593 0.0135111 0.00796327 0.00503151 0.0041429 0.00325483 0.00322998 0.00272966 0.00399786 0.00222806 0.003779 0.00178161 0.0015798 0.0012037 0.000971851 0.000646642
threshold=6.281331292928102 16.510072402756375 1.5000000000000002 1.0000000180025095e-35 1.0000000180025095e-35 6.8303339860793031 7.1808309094573319 16.510072402756375 1.0000000180025095e-35 1.5000000000000002 7.6473087184357089 17.446622849738542 8.5000000000000018 16.696913955010618 17.516973446774873 8.5000000000000018 6.5000000000000009 6.9152261855066479 7.7233410865720353 16.867212517838407 17.09277276502015 8.5000000000000018 2.5000000000000004 3.5000000000000004 7.5000000000000009 17.151972010576383 17.375674142758413 5.5000000000000009 16.902107147273817 1.0000000180025095e-35
decision_type=2 2 2 2 2 2 2 2 2 2 2 2 2 2 2 2 2 2 2 2 2 2 2 2 2 2 2 2 2 2
left_child=2 4 7 10 18 -6 -7 29 14 12 11 13 17 -3 21 -10 -16 -5 -2 -19 -14 22 -9 -24 -25 28 -21 -28 -15 -1
right_child=1 3 -4 9 5 6 -8 8 15 -11 -12 -13 20 25 16 -17 -18 19 -20 26 -22 -23 23 24 -26 -27 27 -29 -30 -31
leaf_value=0.057231758483011375 0.058925119635322112 -0.073243830726721568 -0.061789121228300492 -0.062497643877414605 0.062182104031740251 0.015114695109904989 0.047267552355235533 0.062092349442011599 0.070337529128626175 -0.059091268257519425 -0.067676496187474039 -0.074797943104812512 -0.062974703111971925 -0.070115278988752333 0.062627183275300383 0.067011876461661471 0.059367486450616271 -0.062268800681156172 0.060852450752923351 -0.060507392835262665 -0.06491408672397142 0.062059236947573773 0.064568280432787603 0.062137169296198461 0.064228841239242315 -0.069277597135594046 -0.060786293847709727 -0.061758204543330711 -0.071096590040499202 0.058093941025796271
leaf_weight=68.991305164992809 30.760084614157677 5.7119376659393408 3.2915803939104071 9.7981421351432783 4.4819838926196089 4.0293684750795347 4.9224457442760468 5.5616716891527238 7.9199723899364454 72.374772116541862 5.7129607647657386 4.3993541002273551 3.6757775992155057 6.0673877745866758 2.8663859218358976 4.9709099233150482 5.409494012594223 5.6794312596321133 3.0661874413490287 11.304229840636255 5.1616540402173996 6.9507180303335181 4.6715625524520865 4.1982260495424253 4.4464234262704849 3.9659646302461615 5.8263588696718198 7.0289266109466553 4.3191026151180267 2.2455116286873809
leaf_count=625 240 27 16 62 29 24 26 36 39 556 30 20 23 30 18 27 41 36 21 79 30 45 27 27 26 20 40 46 21 19
internal_value=0.000124336 -0.0345532 0.0567065 -0.0623921 0.0544096 0.0425996 0.032795 0.0600054 0.0641686 -0.0602529 -0.0709588 -0.0717253 -0.0619873 -0.0710516 0.0623216 0.0690551 0.0604965 -0.0615146 0.0590998 -0.0611918 -0.0641074 0.0629063 0.0632182 0.0636885 0.063213 -0.0701791 -0.0609386 -0.0613177 -0.0705233 0.0572589
internal_weight=319.81 198.286 121.524 151.026 47.2601 13.4338 8.95181 118.232 46.9954 120.849 30.1767 24.4637 48.4745 20.0644 34.1045 12.8909 8.27588 39.6371 33.8263 29.8389 8.83743 25.8286 18.8779 13.3162 8.64465 14.3525 24.1595 12.8553 10.3865 71.2368
internal_count=2306 1360 946 1020 340 79 50 930 286 872 148 118 316 98 220 66 59 263 261 201 53 161 116 80 53 71 165 86 51 644
is_linear=0
shrinkage=0.05


Tree=26
num_leaves=31
num_cat=0
split_feature=2 0 0 3 4 2 4 2 2 0 4 2 2 4 3 3 3 2 3 4 4 2 2 2 4 4 2 4 2 3
split_gain=223.058 38.1592 8.14698 2.07151 1.97738 1.39654 1.26384 1.00874 1.32239 0.938765 0.932356 0.681728 0.631612 0.63156 0.628538 1.08221 0.800143 1.12366 1.34679 0.539283 0.761342 0.428048 0.407249 0.670301 0.64404 0.318888 0.310575 0.389025 0.245409 0.157816
threshold=16.510072402756375 1.0000000180025095e-35 1.5000000000000002 8.5000000000000018 94.500000000000014 17.407645694506037 89.500000000000014 18.382418812754725 16.867212517838407 1.0000000180025095e-35 19.500000000000004 16.354499692584692 16.737057248269522 46.500000000000007 2.5000000000000004 1.5000000000000002 3.5000000000000004 16.764352171063212 7.5000000000000009 95.500000000000014 110.50000000000001 17.115197958064361 17.836407418012865 17.501669621374788 57.500000000000007 73.500000000000014 16.611093693143349 86.000000000000014 16.684665403149491 5.5000000000000009
decision_type=2 2 2 2 2 2 2 2 2 2 2 2 2 2 2 2 2 2 2 2 2 2 2 2 2 2 2 2 2 2
left_child=9 5 3 7 -5 14 10 8 12 -1 -7 13 -3 -11 15 -2 28 26 -19 -20 -21 -6 23 25 -25 29 -18 -28 -16 -10
right_child=1 2 -4 4 21 6 -8 -9 22 11 -12 -13 -14 -15 16 -17 17 18 19 20 -22 -23 -24 24 -26 -27 27 -29 -30 -31
leaf_value=0.057405468188442083 -0.014369259429985778 -0.036199938067069955 -0.059030188271235212 -0.042410487335193536 0.011080741007113497 0.022075636175447683 0.031349598935243493 -0.013486896201103311 -0.050430898216367717 0.033669818004705934 -0.010344489986800265 0.030522187596505043 -0.011441285508024777 0.060972801824835568 -0.0097071565876055178 0.021607500566383747 -0.0028507829177473864 0.010884513267180434 -0.032210124836958835 0.0024810899416987196 -0.029007682765540995 -0.011649012508555028 -0.060636915937806013 -0.044231491240277483 -0.014872058865182575 -0.056753936317820691 0.028264473665971443 0.0050424170888825224 -0.026269268153376026 -0.038768302655328768
leaf_weight=98.535136215388775 3.432239964604376 6.2224382162094098 72.443254776299 4.7810303270816794 3.5313281416892988 3.5258747711777669 5.7707467526197425 3.5554086267948142 5.0789360553026288 3.1155887320637685 5.9768975526094437 5.7554659545421591 4.3956275582313538 6.6151634901762009 3.6308476775884611 5.3463132977485657 3.3459885567426699 5.1349941939115551 5.0161963403224927 4.4175758808851242 3.3947095274925232 5.0097904056310654 4.3052502125501624 4.3004191219806662 3.302290603518486 7.8730899542570105 3.2948384433984756 3.9845021516084671 5.8248175829648972 6.7633854895830154
leaf_count=886 19 39 571 32 20 23 39 21 35 18 35 34 26 47 20 34 19 31 27 26 19 28 30 29 21 56 20 24 32 45
internal_value=0.000124606 -0.0325419 -0.0477902 -0.0340169 -0.0166636 -0.000235948 0.0128928 -0.0390649 -0.0412177 0.0556069 0.00168456 0.0441629 -0.0259504 0.0522309 -0.00451851 0.0075413 -0.00730124 -0.00313105 -0.0107547 -0.0194165 -0.0112019 -0.00225139 -0.046344 -0.0440914 -0.031479 -0.0489551 0.00975779 0.0155534 -0.0199096 -0.0437702
internal_weight=307.68 193.659 131.562 59.119 13.3221 62.0965 15.2735 45.7968 42.2414 114.021 9.50277 15.4862 10.6181 9.73075 46.823 8.77855 38.0445 28.5888 17.9635 12.8285 7.81229 8.54112 31.6234 27.3181 7.60271 19.7154 10.6253 7.27934 9.45567 11.8423
internal_count=2306 1321 953 382 80 368 97 302 281 985 58 99 65 65 271 53 218 166 103 72 45 48 216 186 50 136 63 44 52 80
is_linear=0
shrinkage=0.05


Tree=27
num_leaves=31
num_cat=0
split_feature=1 0 0 0 1 4 1 4 1 4 4 3 4 3 1 1 3 3 4 4 1 4 1 0 1 1 1 4 4 1
split_gain=229.554 33.6187 17.093 6.87182 1.9776 1.63954 1.60516 1.06576 1.02143 1.10228 2.61458 0.723018 0.916327 0.774233 0.700521 1.20639 1.1999 0.669138 0.566582 0.823801 0.428407 0.568027 0.370418 0.363013 0.306762 0.292164 1.11523 0.288595 0.262321 0.239038
threshold=6.281331292928102 1.0000000180025095e-35 1.5000000000000002 1.5000000000000002 6.9431219569644993 38.500000000000007 6.929516292058147 110.50000000000001 6.3534997185584592 96.500000000000014 103.50000000000001 7.5000000000000009 110.50000000000001 9.5000000000000018 6.5854815236201967 6.4669217251709874 5.5000000000000009 9.5000000000000018 93.500000000000014 110.50000000000001 6.8485357786049113 77.500000000000014 7.4169794408037371 1.0000000180025095e-35 7.1336929287475286 7.5183356990241661 7.8250445331454843 86.000000000000014 106.50000000000001 6.7528541473697619
decision_type=2 2 2 2 2 2 2 2 2 2 2 2 2 2 2 2 2 2 2 2 2 2 2 2 2 2 2 2 2 2
left_child=2 4 23 6 7 -6 20 8 -2 14 -11 27 13 -13 15 -10 29 18 25 -20 21 -3 -19 -1 -5 -8 -27 -7 -23 -16
right_child=1 3 -4 24 5 11 17 -9 9 10 -12 12 -14 -15 16 -17 -18 22 19 -21 -22 28 -24 -25 -26 26 -28 -29 -30 -31
leaf_value=0.058185748169153229 -0.022279926950076523 -0.036573792203823598 -0.059123217998989064 -0.07184612459285826 -0.034050521336270595 -0.025479621165532568 -0.05587389977109336 0.028174441281491654 0.0079696338797653823 -0.047450019644655839 0.014030485679640421 0.029371894140490015 -0.021944286613330633 -0.0024033191592399174 -0.020239011725436892 0.048526504398686603 0.023419358420567596 -0.015428745894905447 -0.021166816606855952 -0.048794750019105881 -0.0067292741639193385 -0.006163842477667528 -0.037671099279628986 0.066632337673890873 -0.058875201632730349 -0.022639726555416441 -0.056146754728225716 -0.0072040481689484561 -0.025863384743177727 -0.0007351886216129238
leaf_weight=95.907929353415966 4.0247986763715771 7.7170641422271746 3.1331126540899268 4.9157124906778327 7.2491656616330173 4.5826341956853884 10.271889671683317 4.1554403379559508 5.1611350774765068 2.9952086284756652 4.0915467068552971 3.3909966275095922 2.7979539632797241 4.4104441106319427 3.3355130404233915 2.8439269587397575 4.2096960321068764 3.1363998502492896 5.106511712074278 5.7209450155496597 3.0690534412860861 3.1442142426967621 4.642657682299614 14.665439389646052 62.685996502637863 3.8791327327489835 6.9013897106051445 4.0864287316799164 3.6535375267267227 2.969594843685627
leaf_count=845 25 52 16 39 43 28 73 32 37 17 30 26 18 29 21 24 32 20 34 41 20 22 29 85 522 25 50 27 24 20
internal_value=0.000124977 -0.0342161 0.0560428 -0.0490239 -0.00356051 -0.013781 -0.036276 0.00446104 0.00113553 0.00481592 -0.0119542 -0.00615521 0.00260403 0.0114082 0.0112331 0.0223781 0.00274829 -0.0418511 -0.0450593 -0.0357647 -0.0237017 -0.0272904 -0.0287033 0.059306 -0.0598184 -0.0498396 -0.04409 -0.0168649 -0.0167516 -0.0110531
internal_weight=298.855 185.149 113.706 124.845 60.3045 26.5176 57.2428 33.7869 29.6314 25.6066 7.08676 19.2685 10.5994 7.80144 18.5199 8.00506 10.5148 39.6589 31.8799 10.8275 17.5839 14.5148 7.77906 110.573 67.6017 21.0524 10.7805 8.66906 6.79775 6.30511
internal_count=2306 1360 946 951 409 171 390 238 206 181 47 128 73 55 134 61 73 272 223 75 118 98 49 930 561 148 75 55 46 41
is_linear=0
shrinkage=0.05


Tree=28
num_leaves=31
num_cat=0
split_feature=1 2 0 0 1 0 1 2 0 0 1 3 2 1 2 3 3 2 1 1 2 2 3 3 3 3 2 3 0 1
split_gain=214.781 173.261 16.0999 1.05054 1.01592 0.989197 0.88308 0.434436 0.131535 0.0869907 0.0272193 0.0195655 0.0182287 0.0142825 0.01177 0.011293 0.00557451 0.00536928 0.00476936 0.00355781 0.00292186 0.00228777 0.00214854 0.00345661 0.00201895 0.00341073 0.00127467 0.00104234 0.000458943 0.000437886
threshold=6.281331292928102 16.510072402756375 1.5000000000000002 1.0000000180025095e-35 6.8303339860793031 1.0000000180025095e-35 7.1808309094573319 16.510072402756375 1.0000000180025095e-35 1.5000000000000002 6.4093518365128341 8.5000000000000018 17.467276783449829 7.533693137913164 17.516973446774873 8.5000000000000018 6.5000000000000009 16.834530432435063 6.9152261855066479 7.7233410865720353 16.867212517838407 17.09277276502015 8.5000000000000018 2.5000000000000004 3.5000000000000004 7.5000000000000009 17.446622849738542 5.5000000000000009 1.0000000180025095e-35 6.8303339860793031
decision_type=2 2 2 2 2 2 2 2 2 2 2 2 2 2 2 2 2 2 2 2 2 2 2 2 2 2 2 2 2 2
left_child=2 3 7 19 -5 10 -6 28 14 11 -3 18 13 17 22 -10 -16 -12 -7 29 -20 -13 23 -9 -25 -26 -22 -28 -1 -2
right_child=1 5 -4 4 6 9 -8 8 15 -11 12 21 -14 -15 16 -17 -18 -19 20 -21 26 -23 -24 24 25 -27 27 -29 -30 -31
leaf_value=0.056083996520961056 0.057729820955949696 -0.072936117032206024 -0.057593701705629989 0.061218792836577246 0.013880008158001545 -0.060987328726533285 0.045818655498442856 0.060639106196589056 0.068216628447367464 -0.057610365625422523 -0.069606975949561042 -0.061701796583962937 -0.071344565207062491 -0.065647528300605926 0.061038053196240227 0.065082659872866641 0.058188314301859917 -0.067702808132202225 -0.060723389105580561 0.059747303933329859 -0.059030201449844492 -0.063391114012354782 0.060664275581999633 0.063048344619124605 0.060643252705684228 0.062707155917004861 -0.05927997387066735 -0.060266569528990399 0.056857548656912886 0.058130343455524758
leaf_weight=60.441422767937183 16.531764827668674 4.1692955940961864 3.0574371963739386 4.2346929460763922 3.9502864927053434 9.0237137377262098 4.7867989242076874 5.1104726046323874 7.5372133702039701 63.738880716264248 7.7439314275980049 3.4250383377075178 4.7780861109495154 5.1818244606256476 2.6355042308568946 4.646573543548584 4.9190669357776642 7.0929361283779144 5.2127444595098522 2.8558127805590621 11.099980071187021 4.8309514373540878 6.4254926219582549 4.3756873309612265 3.8618875294923765 4.1558737754821777 5.1335896924138051 5.5948137193918228 1.9802514016628254 11.621242992579935
leaf_count=625 143 20 16 29 24 62 26 36 39 556 39 23 23 29 18 27 41 37 36 21 86 30 45 27 27 26 39 40 19 97
internal_value=0.000126488 -0.0332786 0.0555247 0.0530677 0.0411198 -0.0609928 0.0313783 0.0587847 0.0626101 -0.0587933 -0.0691982 -0.0604946 -0.0685697 -0.0679074 0.0609031 0.0670214 0.0591825 -0.0686967 -0.059992 0.0580657 -0.0596598 -0.0626903 0.0614462 0.0617333 0.0621845 0.061713 -0.0594058 -0.0597945 0.0561085 0.0578952
internal_weight=290.153 181.006 109.147 43.9806 12.9718 137.026 8.73709 106.089 43.6678 108.06 28.9661 44.3208 24.7968 20.0187 31.484 12.1838 7.55457 14.8369 36.0648 31.0088 27.0411 8.25599 23.9294 17.5039 12.3934 8.01776 21.8284 10.7284 62.4217 28.153
internal_count=2306 1360 946 340 79 1020 50 930 286 872 148 316 128 105 220 66 59 76 263 261 201 53 161 116 80 53 165 79 644 240
is_linear=0
shrinkage=0.05


Tree=29
num_leaves=31
num_cat=0
split_feature=1 2 0 0 1 1 0 2 0 0 1 4 2 1 4 4 2 2 1 1 4 4 4 2 1 1 1 2 4 2
split_gain=202.252 162.939 15.1713 1.09745 1.01081 0.835236 0.820437 0.364294 0.109062 0.0730472 0.0224166 0.0151892 0.0147755 0.0116844 0.010447 0.0118859 0.00983278 0.00442771 0.00298399 0.00187874 0.00179939 0.00178077 0.00248546 0.0013169 0.00128173 0.000864935 0.000812559 0.000698762 0.000695706 0.000692142
threshold=6.281331292928102 16.510072402756375 1.5000000000000002 1.0000000180025095e-35 6.8303339860793031 7.1808309094573319 1.0000000180025095e-35 16.510072402756375 1.0000000180025095e-35 1.5000000000000002 6.4093518365128341 76.500000000000014 17.467276783449829 7.533693137913164 94.500000000000014 108.50000000000001 17.516973446774873 16.834530432435063 7.7233410865720353 6.929516292058147 112.50000000000001 108.50000000000001 96.500000000000014 17.115197958064361 4.1971736807086968 7.2474365831768024 4.8940944640863338 16.867212517838407 44.500000000000007 17.467276783449829
decision_type=2 2 2 2 2 2 2 2 2 2 2 2 2 2 2 2 2 2 2 2 2 2 2 2 2 2 2 2 2 2
left_child=2 3 7 18 -5 -6 10 -1 16 14 -3 -10 13 17 19 -16 21 -12 -2 -8 25 22 23 26 -18 -17 -9 -21 -28 -29
right_child=1 6 -4 4 5 -7 9 8 11 -11 12 -13 -14 -15 15 20 24 -19 -20 27 -22 -23 -24 -25 -26 -27 28 29 -30 -31
leaf_value=0.055775296094108223 0.057451517774216782 -0.071371746433118291 -0.056131882472171005 0.060559965012542322 0.013291745109653991 0.0445849365001659 -0.060008822153296448 0.059798770595452605 0.067786089454908022 -0.057184333405160707 -0.068307755625044611 0.064192897908851076 -0.069885581834496655 -0.064662365601750232 -0.063038434167346086 -0.060036955500450309 0.057710593492571405 -0.066550272311713871 0.059182797800628933 -0.059717924001756711 -0.060942848954571499 0.061832695396989427 0.059442438976225365 0.061526129724397638 0.059123795494377664 -0.058815923977522069 0.061305098285753534 -0.058687615394677588 0.060372343116768881 -0.059322075643857664
leaf_weight=59.72310996055603 26.981514908373359 4.0506549626588848 2.9821333289146414 4.070872262120246 3.919661268591879 4.6761315315961838 7.8556401431560543 2.7005400359630682 5.7049652785062772 61.070547245442867 7.5027757585048729 6.0709178447723389 4.6375092417001715 5.0022846162319174 4.7704198136925688 2.8930038288235647 2.397198259830474 6.8608687371015549 2.7417860403656951 3.8001125603914288 2.9420941546559334 3.355778142809867 3.824064537882804 5.0807074308395377 4.8517349734902382 2.9083985984325409 3.6995049938559514 9.6729089766740817 4.3492793366312981 7.7367847561836234
leaf_count=644 240 20 16 29 24 26 57 20 30 556 39 36 23 29 30 21 21 37 21 28 21 22 29 34 38 23 25 77 31 59
internal_value=0.000126628 -0.0329033 0.0550275 0.0523594 0.0400355 0.0303153 -0.0603458 0.0582851 0.0618511 -0.0582927 -0.0679312 0.0659337 -0.0673506 -0.0667435 -0.0598823 -0.0610309 0.0602623 -0.0674683 0.0576112 -0.0593483 -0.0599356 0.0607682 0.0605864 0.0608628 0.0586565 -0.0594248 0.0605493 -0.0591036 0.0608011 -0.0589696
internal_weight=278.834 174.094 104.74 42.39 12.6667 8.59579 131.704 101.758 42.0347 103.65 28.0541 11.7759 24.0034 19.3659 42.5794 13.5139 30.2588 14.3636 29.7233 29.0654 8.7435 23.0099 19.6541 15.83 7.24893 5.8014 10.7493 21.2098 8.04878 17.4097
internal_count=2306 1360 946 340 79 50 1020 930 286 872 148 66 128 105 316 95 220 76 261 221 65 161 139 110 59 44 76 164 56 136
is_linear=0
shrinkage=0.05


Tree=30
num_leaves=31
num_cat=0
split_feature=1 2 0 0 1 4 0 1 2 0 0 2 1 2 4 4 2 2 4 1 1 4 2 2 4 1 1 2 1 1
split_gain=185.324 145.16 18.6924 2.17061 1.7919 1.68649 0.601832 0.386621 0.313119 0.100257 0.0634813 0.0164504 0.0161775 0.00893282 0.00816053 0.0111875 0.00583601 0.00487232 0.00343391 0.00267401 0.00242916 0.0018743 0.00185164 0.00242028 0.00184546 0.0015784 0.00105186 0.000804537 0.000551987 0.000519651
threshold=6.303533889083444 16.510072402756375 1.5000000000000002 1.0000000180025095e-35 6.8303339860793031 54.000000000000007 1.0000000180025095e-35 6.2567088148180039 16.510072402756375 1.0000000180025095e-35 1.5000000000000002 17.59700176190854 7.8430637086349124 17.429320042075673 95.500000000000014 108.50000000000001 17.151972010576383 17.516973446774873 68.500000000000014 6.9152261855066479 7.5509240552007428 96.500000000000014 16.737057248269522 16.596644446708456 112.50000000000001 4.6586997221347959 4.4484992763719129 16.801741030732291 6.6496317993061007 5.625819309938989
decision_type=2 2 2 2 2 2 2 2 2 2 2 2 2 2 2 2 2 2 2 2 2 2 2 2 2 2 2 2 2 2
left_child=2 3 7 20 -5 -6 12 8 -1 17 14 21 13 16 19 -16 18 22 -3 28 -2 -11 23 -10 -17 -24 -19 -20 -8 -27
right_child=1 6 -4 4 5 -7 10 -9 9 11 -12 -13 -14 -15 15 24 -18 26 27 -21 -22 -23 25 -25 -26 29 -28 -29 -30 -31
leaf_value=0.055455650270244239 0.057038962856452151 -0.067479497407832448 -0.056673686600225065 0.060192560344666968 -0.0030889096991635365 0.040604125068492682 -0.05933219537072526 0.038983394051686715 0.060686913713013206 0.064850394709199913 -0.056783023692569434 0.068119586908041346 -0.06343328538427484 -0.068774794633469125 -0.06229403877591233 -0.058758031876389262 -0.064562298679696137 0.057680298361818587 -0.066457947375481149 -0.058588662896169957 0.058479541059779053 0.063198797480188182 0.059479150762931955 0.058773223753198933 -0.060304010219779547 0.061128842878979101 0.058984997295710044 -0.065414342179377236 -0.060327633173356147 0.060362492496077363
leaf_weight=58.499744735658169 24.348167553544048 7.3843561559915631 3.7423990815877906 3.9820859879255286 4.2143737077712995 4.6401676684617996 2.7701968103647259 2.8332484513521186 2.5631628856062951 3.3211845308542234 58.266881510615349 3.73040571808815 4.4308335930109015 4.3433515429496756 4.9262836873531333 5.5201331079006177 3.9922230094671241 2.3698395416140547 3.8344276249408722 19.24195346981287 3.3260684907436362 3.5581379234790802 3.0306259766221038 4.6487830877304077 2.9683870002627373 5.1255906298756582 4.4374691247940063 3.5626518577337265 2.8005497679114342 3.8915387392044067
leaf_count=660 226 39 21 29 22 30 21 21 18 19 554 20 27 22 32 44 23 21 21 155 27 22 23 37 22 35 35 20 20 28
internal_value=-4.5927e-05 -0.0328452 0.052997 0.0493296 0.0323359 0.0198082 -0.0596827 0.0571846 0.0577264 0.0613484 -0.0578218 0.065446 -0.0662009 -0.0667314 -0.0594051 -0.0603986 -0.0662586 0.0596806 -0.0667168 -0.0588679 0.0572121 0.0639962 0.060087 0.0594534 -0.0592987 0.0604663 0.0585308 -0.0659553 -0.0598326 0.0607981
internal_weight=266.305 164.553 101.752 40.5109 12.8366 8.85454 124.042 98.0097 95.1765 36.6767 96.4944 10.6097 27.5478 23.117 38.2275 13.4148 18.7737 26.067 14.7814 24.8127 27.6742 6.87932 19.2597 7.21195 8.48852 12.0478 6.80731 7.39708 5.57075 9.01713
internal_count=2294 1334 960 334 81 52 1000 939 918 258 848 61 152 125 294 98 103 197 80 196 253 41 141 55 66 86 56 41 41 63
is_linear=0
shrinkage=0.05


Tree=31
num_leaves=31
num_cat=0
split_feature=1 2 2 2 1 1 1 4 1 1 3 1 2 2 2 2 2 1 2 1 2 3 1 1 2 2 2 4 3 2
split_gain=174.597 136.658 2.34791 1.67673 1.47505 0.847647 0.701761 0.315679 0.219356 0.162657 0.121725 0.219018 0.111072 0.0590839 0.0563976 0.105277 0.311702 0.0229234 0.0217947 0.0125576 0.00866244 0.00648588 0.00585225 0.00582229 0.00550322 0.00544882 0.00396439 0.00382647 0.00360347 0.00330463
threshold=6.303533889083444 16.510072402756375 17.768713972624994 16.323192972668725 7.0800261456502254 5.0906732680195743 6.2567088148180039 90.500000000000014 7.8007763572315199 6.980075507895271 9.5000000000000018 6.8485357786049113 17.115197958064361 17.243911863469709 16.877063112198339 16.565324616883579 16.510072402756375 7.919173545735263 16.81524913657714 6.5743780037801338 18.501159267175378 8.5000000000000018 7.7788393961256839 7.0290859950779501 15.854463907651708 16.737057248269522 17.342143368962791 29.500000000000004 7.5000000000000009 17.836407418012865
decision_type=2 2 2 2 2 2 2 2 2 2 2 2 2 2 2 2 2 2 2 2 2 2 2 2 2 2 2 2 2 2
left_child=2 3 6 8 7 -4 12 -5 10 18 23 -12 14 22 15 16 -1 20 28 -20 21 27 -11 -2 -25 -17 -14 -15 -3 -19
right_child=1 9 5 4 -6 -7 -8 -9 -10 13 11 -13 26 17 -16 25 -18 29 19 -21 -22 -23 -24 24 -26 -27 -28 -29 -30 -31
leaf_value=0.055251412598646049 0.057063140244329659 -0.06378081248087443 0.047013741344361634 0.060655122869570345 0.010581684154867599 0.015487973353285202 0.031086835994742948 0.035512739922666417 0.039954571247936777 -0.060856001571210329 0.03889796176295697 0.059225984285638467 0.061641219573222598 -0.060012900427397001 0.049802185921399914 0.058861664262251069 0.033966488119140929 -0.057617724138210841 -0.063223992910550628 -0.060427622038322082 -0.056810125549151602 -0.06113630859531885 -0.059191308366290919 0.057150319306926545 0.060278119168174583 0.061042044530457043 0.059705009523997515 -0.05825318748552355 -0.065828332075008308 -0.056579296106141742
leaf_weight=56.164438113570213 15.93292624503375 4.5694408938288706 3.5445890054106695 2.8043159916996938 4.7149538174271584 5.3509201481938362 2.9667041525244704 2.250239297747612 2.3467595502734175 16.165453270077709 2.6399666666984549 2.6602692604064941 4.1396879628300649 4.3006040900945726 4.6799856498837462 6.6336561515927297 1.7743685692548741 9.6707810610532743 7.0766886323690441 9.2788092195987684 4.7836261168122283 3.496054343879222 7.8400119841098777 2.4827115386724463 3.243613213300705 5.0441080778837204 7.3155857101082802 10.967696554958819 4.0564386695623398 36.873731158673763
leaf_count=661 150 28 28 21 32 33 22 20 17 119 24 22 28 34 33 53 11 88 46 70 46 26 63 23 25 35 56 96 23 361
internal_value=-4.42656e-05 -0.0324991 0.0525393 0.0486363 0.0306976 0.02805 0.0549948 0.049462 0.0546163 -0.0591236 0.0558926 0.0491009 0.0558219 -0.0581714 0.0551153 0.0554725 0.0545996 -0.0574382 -0.0627101 -0.0616376 -0.0587095 -0.0591937 -0.0603123 0.0575546 0.058922 0.0598035 0.0604047 -0.0587488 -0.0647437 -0.0567951
internal_weight=255.769 158.155 97.614 39.0758 9.76951 8.89551 88.7185 5.05456 29.3062 119.079 26.9595 5.30024 85.7518 94.098 74.2966 69.6166 57.9388 70.0925 24.9814 16.3555 23.548 18.7644 24.0055 21.6593 5.72632 11.6778 11.4553 15.2683 8.62588 46.5445
internal_count=2294 1334 960 334 73 61 899 41 261 1000 244 46 877 833 793 760 672 651 167 116 202 156 182 198 48 88 84 130 51 449
is_linear=0
shrinkage=0.05


Tree=32
num_leaves=31
num_cat=0
split_feature=1 2 0 0 1 2 1 0 2 0 0 2 3 1 2 2 3 2 1 1 3 1 1 2 2 2 2 2 3 1
split_gain=164.202 128.709 17.8989 2.31229 1.77911 1.21865 0.42738 0.425624 0.2332 0.0767314 0.044848 0.0153263 0.0124669 0.0110126 0.00638009 0.0040585 0.00383955 0.00419598 0.00231164 0.00203586 0.00193823 0.001937 0.00191843 0.00173069 0.00106062 0.00104326 0.000740194 0.000617032 0.000485143 0.000465325
threshold=6.303533889083444 16.510072402756375 1.5000000000000002 1.0000000180025095e-35 6.8303339860793031 16.323192972668725 6.2567088148180039 1.0000000180025095e-35 16.510072402756375 1.0000000180025095e-35 1.5000000000000002 17.59700176190854 8.5000000000000018 7.8430637086349124 17.429320042075673 17.151972010576383 5.5000000000000009 17.565860253562708 6.9152261855066479 7.6671572699387989 2.5000000000000004 6.980075507895271 7.6110995190406507 16.712803191948712 16.712803191948712 16.867212517838407 17.516973446774873 17.011023515305585 5.5000000000000009 6.6939428633955229
decision_type=2 2 2 2 2 2 2 2 2 2 2 2 2 2 2 2 2 2 2 2 2 2 2 2 2 2 2 2 2 2
left_child=2 3 6 19 -5 -6 8 13 -1 16 12 27 18 14 15 21 20 24 29 -2 -10 23 -14 -3 -18 -20 -27 -11 -28 -9
right_child=1 7 -4 4 5 -7 -8 10 9 11 -12 -13 22 -15 -16 -17 17 -19 25 -21 -22 -23 -24 -25 -26 26 28 -29 -30 -31
leaf_value=0.054884003142524111 0.056335512209152942 -0.066008730482138636 -0.056139055629119652 0.059087878526519449 0.037888482455380609 2.23968458148399e-05 0.036861117113160806 -0.058320271352336306 0.05862137509530807 0.061903088111262744 -0.056051697205332679 0.066513429208827413 -0.060767356019086387 -0.061902460878257251 -0.066503764788064176 -0.062841725934160528 0.057887194973302247 0.056550810422324599 -0.058357401735360526 0.057852117483037251 0.060037572108221707 -0.063983941384585935 -0.059151637582645591 -0.064548329334999849 0.058934232090678634 -0.057138834332501845 -0.05737987830724859 0.062885164290134771 -0.058156125620865508 -0.059190985038524907
leaf_weight=53.465714864432812 23.046241842210296 3.622215911746034 3.6814652681350699 3.6829364746808997 3.9499140605330449 4.5984872877597809 2.7319121062755576 3.5248897150158909 4.3114028647542018 3.073823153972624 53.349102564156055 3.5394345670938492 4.6620162427425376 4.1189343631267539 4.0819487273693076 3.7146534323692313 3.5779142528772336 3.2489198595285407 3.7833554372191456 2.4478296637535086 5.495610311627388 5.5764822959899893 3.0320460423827171 4.6113905757665634 7.4649982377886772 9.3607341721653956 3.7911534532904607 3.3343771994113922 4.2911409288644791 2.7172905057668686
leaf_count=660 232 20 21 29 25 27 21 29 35 20 554 20 33 27 22 23 31 32 31 21 40 33 24 27 59 86 34 21 36 21
internal_value=-4.44833e-05 -0.0321673 0.0519272 0.047907 0.0300356 0.017519 0.0563357 -0.0586108 0.0569437 0.0601781 -0.0569654 0.0638727 -0.0583518 -0.0642718 -0.0647235 -0.0643088 0.0586531 0.0581303 -0.0578535 0.0564811 0.059415 -0.0647035 -0.0601306 -0.0651908 0.058595 -0.0576047 -0.0574415 0.0624141 -0.057792 -0.0586993
internal_weight=245.888 151.963 93.9256 37.7254 12.2313 8.5484 90.2441 114.237 87.5122 34.0465 88.5117 9.94763 35.1626 25.7256 21.6067 17.5247 24.0988 14.2918 27.4686 25.4941 9.80701 13.8101 7.69406 8.23361 11.0429 21.2264 17.443 6.4082 8.08229 6.24218
internal_count=2294 1334 960 334 81 52 939 1000 918 258 848 61 294 152 125 103 197 122 237 253 75 80 57 47 90 187 156 41 70 50
is_linear=0
shrinkage=0.05


Tree=33
num_leaves=31
num_cat=0
split_feature=2 0 0 0 4 2 2 2 4 4 2 3 2 2 3 4 4 3 2 4 3 3 2 2 2 4 2 3 4 2
split_gain=152.581 21.8709 6.1411 1.74453 2.09342 1.45502 1.05985 0.922584 1.1696 0.909631 0.777948 0.820763 0.732915 0.62174 0.573612 0.719431 0.68099 0.390373 0.725149 0.49006 0.386224 0.376471 0.373891 0.747237 0.668419 0.336715 0.419306 0.276034 0.218223 0.525389
threshold=16.494914516120705 1.5000000000000002 1.0000000180025095e-35 1.0000000180025095e-35 50.500000000000007 18.083395368428118 18.652788341803539 16.712803191948712 89.500000000000014 11.500000000000002 17.297207484830576 5.5000000000000009 17.516973446774873 16.578468816622046 8.5000000000000018 94.500000000000014 84.500000000000014 3.5000000000000004 17.151972010576383 68.500000000000014 2.5000000000000004 5.5000000000000009 17.393507314681955 17.715729401891153 16.902107147273817 111.50000000000001 17.31320770518597 3.5000000000000004 59.500000000000007 16.845890382180055
decision_type=2 2 2 2 2 2 2 2 2 2 2 2 2 2 2 2 2 2 2 2 2 2 2 2 2 2 2 2 2 2
left_child=3 2 5 -1 -5 7 14 8 13 -9 17 -12 -13 -2 16 -16 21 19 28 -11 -18 -4 24 -24 -23 26 -22 -6 -19 -30
right_child=1 -3 6 4 27 -7 -8 9 -10 10 11 12 -14 -15 15 -17 20 18 -20 -21 25 22 23 -25 -26 -27 -28 -29 29 -31
leaf_value=0.055114208610159636 -0.024333415491714899 -0.056226688373763468 -0.037873808283614668 0.012682966526472123 0.038752760547767565 0.031683125082278579 0.0030507351312029363 0.01660772187907867 0.027015221199416958 -0.016222762385053626 -0.018475537833937166 -0.0071138593818444373 0.027234743464765256 0.004739388688936863 -0.039855664482731805 -0.012357013408555023 -0.027725023315372018 0.0028424277849480738 -0.032627227383914381 -0.04229823253379774 -0.065474441412418746 -0.012976377660155764 0.00334599863254827 -0.032988101941617894 -0.046117483529904899 -0.035187147409224753 -0.03812622510696137 0.059531109850038393 -0.027616116682307113 0.001283365025901457
leaf_weight=74.737797953188419 2.8586815819144231 54.390457972884178 7.931376136839396 5.735249996185301 2.3396860808134079 2.6682036742568007 2.3191681727766982 2.8473930880427352 4.1716326698660842 4.0589316412806573 4.3526065200567228 3.1467203944921494 3.0663729682564735 5.1554303392767906 3.5892343297600728 7.0512458831071854 2.6067348867654792 3.8085354045033437 3.6418203562498084 3.2403681501746178 4.0749563053250295 2.6169108152389509 2.8798995241522789 2.7819672673940659 3.6344792172312737 2.8013693019747734 2.136351078748703 5.0447677746415138 2.9698402732610703 3.3429449647665024
leaf_count=903 20 574 68 35 18 23 16 21 34 29 29 22 27 38 31 49 21 27 25 21 37 20 22 22 32 25 19 42 20 24
internal_value=-4.31519e-05 -0.0310039 -0.016371 0.0521622 0.0353461 -0.00422721 -0.0298559 -0.00628065 0.00554498 -0.0104605 -0.0128974 -0.00182574 0.00983834 -0.00563105 -0.0316684 -0.0216328 -0.0350622 -0.0184514 -0.0134942 -0.0277984 -0.0446753 -0.0294336 -0.0238144 -0.0145068 -0.0322442 -0.0495778 -0.0560681 0.0529477 -0.00660978 -0.0123124
internal_weight=236.001 148.144 93.7532 87.8575 13.1197 49.3295 44.4237 46.6613 12.1857 34.4755 31.6281 10.5657 6.21309 8.01411 42.1045 10.6405 31.464 21.0624 13.7631 7.2993 11.6194 19.8446 11.9133 5.66187 6.25139 9.01268 6.21131 7.38445 10.1213 6.31279
internal_count=2294 1296 722 998 95 360 362 337 92 245 224 78 49 58 346 80 266 146 96 50 102 164 96 44 52 81 56 60 71 44
is_linear=0
shrinkage=0.05


Tree=34
num_leaves=31
num_cat=0
split_feature=1 0 0 0 1 1 4 1 4 3 4 4 4 4 4 4 1 1 3 4 4 4 1 4 1 1 4 0 1 1
split_gain=150.861 22.9104 16.333 5.89066 2.67871 1.4573 0.851298 0.846304 0.867599 0.596018 0.642918 0.573235 1.06018 0.600163 0.486713 0.492295 0.423834 0.477629 0.648373 0.385124 0.367717 0.362866 0.398648 0.253848 0.19964 0.313608 0.310398 0.187091 0.182746 0.150098
threshold=6.281331292928102 1.5000000000000002 1.5000000000000002 1.0000000180025095e-35 7.5183356990241661 6.9655513755161147 112.50000000000001 7.2813854267391038 52.500000000000007 3.5000000000000004 29.500000000000004 101.50000000000001 84.500000000000014 56.500000000000007 28.500000000000004 109.50000000000001 7.7788393961256839 7.5948838811618291 9.5000000000000018 38.500000000000007 108.50000000000001 58.500000000000007 6.4369510090529154 42.500000000000007 6.6339758955710328 6.9012339353508745 105.50000000000001 1.0000000180025095e-35 6.6207394291472461 7.4169794408037371
decision_type=2 2 2 2 2 2 2 2 2 2 2 2 2 2 2 2 2 2 2 2 2 2 2 2 2 2 2 2 2 2
left_child=2 3 27 4 6 14 9 8 -3 11 -11 12 13 -2 -5 28 17 18 20 -6 29 23 -23 -12 -24 -26 -27 -1 -16 -7
right_child=1 7 -4 5 19 16 -8 -9 -10 10 21 -13 -14 -15 15 -17 -18 -19 -20 -21 -22 22 24 -25 25 26 -28 -29 -30 -31
leaf_value=0.055620273256726853 -0.0042410980914572667 -0.097092371283628964 -0.054177960471298872 0.00084616484994234442 -0.04088547857621988 -0.050603475770526242 0.031176105916292177 -0.05662151839810281 -0.055348936008045149 -0.014679324511631828 0.0070405118331045465 -0.030889235684336713 0.024655983352724106 -0.033850726913183596 -0.01937294132420507 -0.002520337959096518 -0.045682845834922277 -0.016986466188472514 -0.017445373235448005 -0.020588066631198255 -0.028016960268687094 -0.011755679881738998 0.019982355079515911 0.028727107252985992 -0.0058287272879098207 0.026837030100977877 -4.0661652076703732e-05 0.062472864079991711 -0.034192448028219788 -0.036084635583761876
leaf_weight=71.298586569726467 5.8988523185253126 2.7574317231774321 3.4679982811212531 3.0002481192350379 3.649342365562914 6.8848548606038182 2.1978974863886824 45.19974185526371 2.2690326571464539 3.8856742903590229 2.5339686796069172 2.5034250766038886 2.4397792220115653 2.4107787385582924 3.7135335281491262 2.5273117721080771 8.9609683230519277 3.9346505850553504 3.5449061766266814 6.4987015351653099 3.5956793352961531 3.3298885822296134 2.6386068239808074 2.8864280879497528 4.0257972478866559 2.1798547059297562 2.1177405714988708 11.577987484633921 4.7298814356327057 2.4008878991007805
leaf_count=848 49 25 21 23 26 63 22 510 26 31 22 19 24 17 31 22 81 31 26 49 32 27 26 29 34 22 18 80 39 21
internal_value=-3.86962e-05 -0.0316008 0.0521291 -0.016838 -0.00500088 -0.0302893 0.000946867 -0.0587859 -0.0782487 -0.0008561 0.00390924 -0.00934124 -0.00432294 -0.0128314 -0.0169995 -0.0218799 -0.0366215 -0.0326335 -0.0363815 -0.0278872 -0.0415927 0.0075734 0.00339563 0.0185889 0.00799809 0.00419894 0.0135924 0.0565776 -0.0276746 -0.0468495
internal_weight=229.06 142.716 86.3446 92.4897 49.1967 43.2929 39.0487 50.2262 5.02646 36.8508 23.598 13.2528 10.7494 8.30963 13.971 10.9707 29.3219 20.361 16.4263 10.148 12.8814 19.7123 14.2919 5.4204 10.962 8.32339 4.2976 82.8766 8.44341 9.28574
internal_count=2294 1345 949 784 415 369 340 561 51 318 209 109 90 66 115 92 254 173 142 75 116 178 127 51 100 74 40 928 70 84
is_linear=0
shrinkage=0.05


Tree=35
num_leaves=31
num_cat=0
split_feature=2 0 0 2 2 0 4 3 4 2 2 2 2 3 3 2 2 3 4 3 2 2 3 4 2 4 3 4 2 2
split_gain=137.68 21.7838 6.09952 1.3573 1.30448 0.749758 1.77 0.712115 1.0578 1.3534 1.03834 0.964013 1.59635 0.820169 1.939 0.986153 1.41393 0.624078 0.933039 0.624944 0.585803 0.438731 0.428397 0.39833 0.639986 0.279476 0.257869 0.0642755 0.0397416 0.00833713
threshold=16.494914516120705 1.0000000180025095e-35 1.5000000000000002 18.083395368428118 18.533889265329844 1.0000000180025095e-35 50.500000000000007 8.5000000000000018 68.500000000000014 16.712803191948712 17.28396169184801 16.801741030732291 17.361280077046874 7.5000000000000009 5.5000000000000009 16.791414735097117 17.151972010576383 8.5000000000000018 94.500000000000014 2.5000000000000004 17.407645694506037 17.629013156371773 7.5000000000000009 45.500000000000007 16.845890382180055 110.50000000000001 7.5000000000000009 73.500000000000014 17.130880395533119 17.115197958064361
decision_type=2 2 2 2 2 2 2 2 2 2 2 2 2 2 2 2 2 2 2 2 2 2 2 2 2 2 2 2 2 2
left_child=5 3 4 7 17 -1 -7 8 13 -10 22 -9 -13 14 15 -2 -17 19 -19 -3 23 -22 -11 24 -21 27 -23 -25 -20 -4
right_child=1 2 29 -5 -6 6 -8 11 9 10 -12 12 -14 -15 -16 16 -18 18 28 20 21 26 -24 25 -26 -27 -28 -29 -30 -31
leaf_value=0.054698626279604014 -0.021005432459239855 -0.017379284478923483 -0.057976728710401104 0.03272962794421877 0.0036693690470483739 0.020763278236599642 0.058875198259417963 0.027241656033817525 0.0078839658469621147 -0.048235162249397348 -0.0037331900980558993 -0.02170567548407926 0.029029674329021888 -0.017978391718648453 0.041066227033839116 0.037452745528238962 -0.0097813447744793582 -0.04018775028387956 -0.003875648342538611 -0.015054718894088695 -0.014515649918566584 -0.027615959349835618 -0.023196828692297628 -0.050154891999847233 -0.0468468733045748 -0.037453428317915982 -0.049317313215739421 -0.059753101389687882 -0.012156274746812756 -0.055336448109269798
leaf_weight=69.989611364901066 4.6070745065808314 4.1580789312720325 3.2020737603306761 2.7574099227786055 2.7656437605619422 5.6551438122987729 6.6040340587496758 3.98639979213476 3.8538802564144126 4.0707386732101423 3.3045451268553734 4.3791635930538177 2.4001801609992981 4.4882688224315634 3.16481640189886 2.6432355493307114 3.9550423547625542 3.7364571467041952 2.8059225529432297 2.6174294725060525 3.6047658026218397 3.2054383233189583 2.9437176436185837 3.1232941448688489 4.0052345618605614 3.0718296617269516 2.3891818150877953 3.9503481313586235 2.9961965680122375 45.122561760246754
leaf_count=913 32 34 33 26 19 36 56 33 29 27 24 31 21 31 30 22 29 34 20 21 31 27 20 29 38 28 23 37 21 528
internal_value=0.00154247 -0.0291016 -0.0433653 -0.00129545 -0.0295318 0.0527007 0.0412942 -0.00343763 -0.00707746 -0.0173987 -0.0268412 0.00773006 -0.00374317 0.0006794 0.00650683 -0.00325405 0.00914038 -0.0318468 -0.0207009 -0.0353759 -0.0382577 -0.0281187 -0.0377275 -0.0438201 -0.0342819 -0.0500464 -0.0368835 -0.0555151 -0.00815174 -0.0555114
internal_weight=219.558 137.309 90.7545 46.5545 42.4298 82.2488 12.2592 43.7971 33.0313 14.1729 10.319 10.7657 6.77934 18.8584 14.3702 11.2054 6.59828 39.6642 9.53858 30.1256 25.9675 9.19939 7.01446 16.7681 6.62266 10.1455 5.59462 7.07364 5.80212 48.3246
internal_count=2283 1278 923 355 362 1005 92 329 244 100 71 85 52 144 113 83 51 343 75 268 234 81 47 153 59 94 50 66 41 561
is_linear=0
shrinkage=0.05


Tree=36
num_leaves=31
num_cat=0
split_feature=1 2 0 0 1 1 0 2 0 0 1 3 3 1 2 3 1 1 1 2 2 1 2 3 3 2 2 3 2 3
split_gain=134.761 116.808 13.4101 1.2015 0.874687 1.22739 0.4238 0.203599 0.078603 0.0407047 0.0160682 0.00984747 0.00920038 0.00852425 0.00389386 0.00300939 0.00283493 0.0027713 0.00198003 0.00175469 0.00198964 0.00154571 0.00101237 0.000806315 0.000962012 0.000767152 0.000647562 0.000575272 0.00036755 0.000195321
threshold=6.281331292928102 16.510072402756375 1.5000000000000002 1.0000000180025095e-35 6.8303339860793031 7.2977680533342832 1.0000000180025095e-35 16.510072402756375 1.0000000180025095e-35 1.5000000000000002 7.6473087184357089 8.5000000000000018 8.5000000000000018 6.4369510090529154 17.516973446774873 5.5000000000000009 6.9152261855066479 5.8066296841768823 7.6110995190406507 16.712803191948712 17.021011126074665 7.5509240552007428 16.877063112198339 9.5000000000000018 2.5000000000000004 17.488771161015809 17.213799452649919 5.5000000000000009 16.791414735097117 2.5000000000000004
decision_type=2 2 2 2 2 2 2 2 2 2 2 2 2 2 2 2 2 2 2 2 2 2 2 2 2 2 2 2 2 2
left_child=2 3 7 21 -5 -6 10 -1 14 12 13 17 16 -3 23 -16 26 -10 -14 -15 -21 29 -18 24 -9 -24 -8 -26 -29 -2
right_child=1 6 -4 4 5 -7 9 8 11 -11 -12 -13 18 19 15 -17 22 -19 -20 20 -22 -23 25 -25 27 -27 -28 28 -30 -31
leaf_value=0.053935794062874957 0.0557513101172665 -0.066498975117251294 -0.062159223759083962 0.057886694233747087 0.010150279539300673 0.049486938576024569 -0.057132446577150435 0.057396919995886309 0.062913645825905903 -0.054825646762824524 -0.061089408877937373 0.060543329084819623 -0.059490528148732652 -0.064767904430112613 0.058015476796529367 0.055569067326008685 -0.057148582948356522 0.06495802898401995 -0.057699872267708091 -0.062756250848621797 -0.064134449308329927 0.056499541064529507 -0.055866929661020574 0.057248062858587884 0.058829085955343821 -0.056601977536367698 -0.058109372421339178 0.057613146385895819 0.058371416492164485 0.055253140002305669
leaf_weight=44.969329744577408 2.2056351006031099 3.6576285660266938 2.4719450771808615 3.1712816730141631 4.6528091356158239 3.4559526592493057 3.4571545198559823 3.8378934413194719 3.2160305827856046 43.733941823244095 4.8095510452985755 3.0715724006295204 4.2229267060756674 3.4310437291860572 1.8905813992023457 3.7514752969145775 3.7007864490151432 3.4209976345300674 2.4333615750074387 5.0906457602977735 5.3929952681064606 3.1333041340112677 7.385510213673113 3.7760589867830268 3.6451325044035894 6.8345927372574806 3.3303495571017265 2.8078508600592613 3.7093040347099304 18.230536438524723
leaf_count=666 24 21 16 28 30 21 32 35 20 545 33 22 33 20 16 42 34 20 22 32 32 31 79 35 29 67 29 25 31 213
internal_value=0.0015162 -0.0295236 0.0524978 0.0490428 0.0356228 0.0269156 -0.0576112 0.056127 0.0591014 -0.0558114 -0.0636502 0.0628841 -0.057186 -0.064351 0.0575332 0.0563888 -0.0567415 0.0639674 -0.0588359 -0.0637864 -0.0634652 0.0554655 -0.0564119 0.0578965 0.0580714 -0.0562202 -0.0576118 0.0583261 0.0580447 0.0553069
internal_weight=212.898 132.33 80.5682 34.8495 11.28 8.10876 97.4805 78.0962 33.1269 75.0986 22.3819 9.7086 31.3647 17.5723 23.4183 5.64206 24.7084 6.63703 6.65629 13.9147 10.4836 23.5695 17.9209 17.7762 14.0002 14.2201 6.7875 10.1623 6.51715 20.4362
internal_count=2283 1326 957 347 79 51 979 941 275 841 138 62 296 105 213 58 241 40 55 84 64 268 180 155 120 146 61 85 56 237
is_linear=0
shrinkage=0.05


Tree=37
num_leaves=31
num_cat=0
split_feature=1 2 0 0 4 1 0 2 0 0 1 1 2 4 4 2 4 1 4 1 4 1 1 2 2 2 1 1 4 1
split_gain=127.274 110.17 12.6708 1.24592 1.39833 0.372692 0.356091 0.172148 0.0658576 0.0344941 0.0134043 0.00725599 0.00719279 0.00578503 0.00664066 0.00328813 0.00173321 0.00130791 0.0012484 0.0012119 0.00103043 0.00100699 0.000684032 0.00062197 0.000616825 0.00155076 0.000611532 0.000407385 0.000261658 0.000198889
threshold=6.281331292928102 16.510072402756375 1.5000000000000002 1.0000000180025095e-35 50.500000000000007 6.8695328517904199 1.0000000180025095e-35 16.510072402756375 1.0000000180025095e-35 1.5000000000000002 7.6473087184357089 6.4369510090529154 17.672994121710996 94.500000000000014 108.50000000000001 17.516973446774873 108.50000000000001 7.5509240552007428 35.500000000000007 6.9152261855066479 76.500000000000014 7.4645091778270389 4.4484992763719129 16.877063112198339 16.586546330006851 16.684665403149491 4.6586997221347959 6.7025742396217023 77.500000000000014 8.2563450434145427
decision_type=2 2 2 2 2 2 2 2 2 2 2 2 2 2 2 2 2 2 2 2 2 2 2 2 2 2 2 2 2 2
left_child=2 3 7 17 -5 -6 10 -1 15 13 11 -3 20 19 -15 24 18 -2 -13 27 -10 -16 -17 -20 -9 -26 -27 -8 29 -21
right_child=1 6 -4 4 5 -7 9 8 12 -11 -12 16 -14 14 21 22 -18 -19 23 28 -22 -23 -24 -25 25 26 -28 -29 -30 -31
leaf_value=0.05372921513813407 0.055021681385715476 -0.065491315398479286 -0.06143280236906104 0.014914433980269093 0.034563095673258597 0.060207250984182226 -0.056578816576103808 0.058183193879905205 0.061812893985840257 -0.054568214286876721 -0.060437351718244318 -0.062474967184356002 0.064005870865331105 -0.059351958615725779 -0.057344876824054529 0.055343626090376956 -0.061898876895467719 0.056143139323705307 -0.064131563068037578 -0.056269108421384939 0.060505731545491687 -0.056004566678048234 0.056494537958799974 -0.063182021289931806 0.056304058095406589 0.056880421420428068 0.05777575606085511 -0.057450424756123053 -0.055568292568166915 -0.05579079727969849
leaf_weight=42.936457652598619 19.537708096206192 3.5314103811979356 2.3784835785627356 4.945001080632208 2.2487251311540604 3.8297693356871605 3.1625303104519906 2.4852814450860086 2.7457274496555346 41.792303867638111 4.6230906918644896 3.4405726790428144 3.2580457329750061 4.0166198387742025 2.8619064837694168 2.1359998211264601 3.0619646459817877 2.9989320933818808 3.3363447412848473 10.003208853304384 3.343538336455822 2.7460106834769249 3.2635186091065407 3.5698397159576416 2.9353001937270156 2.4052250236272803 9.2100440636277181 2.3270656242966652 2.144048959016799 2.7766101583838454
leaf_count=666 237 21 16 29 22 28 31 21 18 545 33 22 20 32 27 25 20 31 20 102 24 29 33 22 30 23 81 21 24 30
internal_value=0.00150517 -0.0292676 0.0521776 0.0484331 0.0346582 0.0507203 -0.0571887 0.0557941 0.0585835 -0.0554971 -0.0628237 -0.0634749 0.0621097 -0.0567895 -0.0578001 0.0571144 -0.0629438 0.0551709 -0.0632531 -0.0563131 0.0610951 -0.0566886 0.0560392 -0.0636407 0.0574552 0.0573309 0.0575904 -0.0569483 -0.0560794 -0.0561652
internal_weight=204.051 126.954 77.0976 33.5601 11.0235 6.07849 93.3935 74.7191 31.7827 71.8303 21.5632 16.9401 9.34731 30.038 9.62454 22.4354 13.4087 22.5366 10.3468 20.4135 6.08927 5.60792 5.39952 6.90618 17.0359 14.5506 11.6153 5.4896 14.9239 12.7798
internal_count=2283 1326 957 347 79 50 979 941 275 841 138 105 62 296 88 213 84 268 64 208 42 56 58 42 155 134 104 52 156 132
is_linear=0
shrinkage=0.05


Tree=38
num_leaves=31
num_cat=0
split_feature=1 2 0 0 4 1 0 2 0 0 1 1 2 4 4 2 4 1 4 1 1 4 1 2 2 2 1 1 4 1
split_gain=120.243 103.946 11.9769 1.28838 1.3601 0.367729 0.299647 0.145733 0.0552856 0.0292517 0.0112054 0.00618718 0.00601994 0.00491049 0.00560229 0.00277312 0.0014439 0.00110765 0.00103558 0.00102419 0.000857419 0.000851983 0.000579173 0.000520344 0.000518852 0.00130932 0.000516175 0.000344483 0.000221259 0.000168362
threshold=6.281331292928102 16.510072402756375 1.5000000000000002 1.0000000180025095e-35 50.500000000000007 6.8695328517904199 1.0000000180025095e-35 16.510072402756375 1.0000000180025095e-35 1.5000000000000002 7.6473087184357089 6.4369510090529154 17.672994121710996 94.500000000000014 108.50000000000001 17.516973446774873 108.50000000000001 7.5509240552007428 35.500000000000007 6.9152261855066479 7.4645091778270389 76.500000000000014 4.4484992763719129 16.877063112198339 16.586546330006851 16.684665403149491 4.6586997221347959 6.7025742396217023 77.500000000000014 8.2563450434145427
decision_type=2 2 2 2 2 2 2 2 2 2 2 2 2 2 2 2 2 2 2 2 2 2 2 2 2 2 2 2 2 2
left_child=2 3 7 17 -5 -6 10 -1 15 13 11 -3 21 19 -15 24 18 -2 -13 27 -16 -10 -17 -20 -9 -26 -27 -8 29 -21
right_child=1 6 -4 4 5 -7 9 8 12 -11 -12 16 -14 14 20 22 -18 -19 23 28 -22 -23 -24 -25 25 26 -28 -29 -30 -31
leaf_value=0.053534203075058066 0.054753163544327021 -0.064558025251897841 -0.06075730327918745 0.014285862718578089 0.033738524310591093 0.059617558222247118 -0.056217584820401026 0.057723346439359474 0.061108934981192992 -0.054325625060802088 -0.059829803909946293 -0.061727401443431001 0.063157471229776427 -0.058822455964867619 -0.056942496870336867 0.055057421833701228 -0.061189872862136535 0.055808320438111028 -0.063266662880880328 -0.055926899488065798 -0.055678386257560622 0.05989667207214186 0.05614028945179679 -0.062381866700640755 0.055960276464621907 0.056501735764181507 0.05734231904382299 -0.05703662217739891 -0.055267901290458513 -0.055476944676692445
leaf_weight=40.987439434975386 18.673678897321228 3.4065058380365434 2.2869980037212363 4.9054810330271703 2.1900079846382141 3.678107425570488 3.0271321162581506 2.3824281767010751 2.6411385685205477 39.927097752690315 4.4411409720778456 3.3114007487893087 3.1397194117307663 3.8542468473315221 2.7410791739821434 2.0421205013990393 2.9455205649137488 2.8693533390760413 3.2159092947840691 9.5720946192741376 2.6270009204745293 3.2119907438755035 3.1234472692012787 3.4381832480430603 2.8088623508810988 2.3028662577271453 8.8254066780209524 2.2292256206274033 2.0502867251634589 2.6557570323348036
leaf_count=666 237 21 16 29 22 28 31 21 18 545 33 22 20 32 27 25 20 31 20 102 29 24 33 22 30 23 81 21 24 30
internal_value=0.00149457 -0.0290231 0.0518768 0.0478337 0.0337164 0.0499594 -0.0567923 0.0554812 0.0580996 -0.0552013 -0.0620565 -0.0626626 0.0613912 -0.0564172 -0.0573681 0.0567219 -0.0621625 0.0548937 -0.0624499 -0.0559682 -0.0563239 0.0604437 0.0557122 -0.0628095 0.0570415 0.0569249 0.0571684 -0.0565649 -0.0557486 -0.0558292
internal_weight=195.512 121.759 73.7524 32.3166 10.7736 5.86812 89.4426 71.4654 30.478 68.6839 20.7587 16.3175 8.99285 28.7568 9.22233 21.4851 12.911 21.543 9.96549 19.5345 5.36808 5.85313 5.16557 6.65409 16.3196 13.9371 11.1283 5.25636 14.2781 12.2279
internal_count=2283 1326 957 347 79 50 979 941 275 841 138 105 62 296 88 213 84 268 64 208 56 42 58 42 155 134 104 52 156 132
is_linear=0
shrinkage=0.05


Tree=39
num_leaves=31
num_cat=0
split_feature=1 0 0 0 1 1 4 4 1 4 3 3 4 4 4 1 1 1 1 1 1 4 4 4 1 1 3 1 3 1
split_gain=113.637 18.9181 11.3251 4.90533 1.3961 0.737476 0.991128 0.643634 0.601352 0.612042 0.542768 1.02417 0.543585 0.837418 0.628376 0.564951 0.303112 0.445399 0.277962 0.360649 0.273181 0.238608 0.514113 0.210718 0.272532 0.466853 0.281894 0.302099 0.200219 0.409309
threshold=6.281331292928102 1.5000000000000002 1.5000000000000002 1.0000000180025095e-35 7.7380514425712974 7.1336929287475286 28.500000000000004 109.50000000000001 7.2813854267391038 59.500000000000007 2.5000000000000004 1.5000000000000002 29.500000000000004 96.500000000000014 103.50000000000001 6.995308071068961 6.9655513755161147 6.5589065201527559 6.3927539336716181 6.6339758955710328 8.2309766313602122 45.500000000000007 71.500000000000014 28.500000000000004 7.7233410865720353 7.5948838811618291 9.5000000000000018 8.2877761981113114 8.5000000000000018 6.6207394291472461
decision_type=2 2 2 2 2 2 2 2 2 2 2 2 2 2 2 2 2 2 2 2 2 2 2 2 2 2 2 2 2 2
left_child=2 3 -1 4 10 6 -5 28 9 -3 11 -2 15 18 -15 -12 17 -16 -14 -20 -6 -21 -23 -7 25 -25 27 -26 29 -8
right_child=1 8 -4 5 20 23 7 -9 -10 -11 12 -13 13 14 16 -17 -18 -19 19 21 -22 22 -24 24 26 -27 -28 -29 -30 -31
leaf_value=0.055186822063861399 0.0094196371317213489 -0.091349717510360501 -0.060128293017370771 0.0033913724072781172 -0.016503557083326591 -0.04446555589056584 -0.019424401622912417 -0.0040417131682999137 -0.054892133383984736 -0.054061904228381225 0.0030569026063603302 -0.037302483331536809 -0.0010160545970136746 -0.022220471709985257 -0.0052318837310728443 -0.028597968811145253 -0.010035475642568906 0.023390685151001265 0.03435955168382674 -0.00033056141974129472 -0.039181062137402974 0.034726577720631278 0.0057325816525959153 -0.03306034156573294 -0.055396206901662852 -0.007633766469232914 -0.022708468856163098 -0.029725283531715725 -0.019611926390259323 -0.042945057905387711
leaf_weight=68.333247754722834 2.2781157046556464 2.4257698729634276 2.1976390257477751 3.56070348620415 3.1703677102923384 4.0280081704258945 2.7440605834126455 2.6454907506704322 34.743488810956478 2.0143311247229576 3.3797061443328884 2.4177083522081375 2.1821940913796452 3.1321824193000785 2.4314500465989095 2.4179137423634529 2.5658053681254387 3.0819548293948174 2.7132609710097304 2.3003658950328809 2.2852560803294182 2.7359907776117325 3.4654694423079491 6.4349193647503835 3.0018968284130088 2.5092327669262886 1.8610027730464933 1.8537986353039739 2.6911883428692809 5.6748699992895126
leaf_count=941 24 28 16 30 28 43 28 27 493 29 35 18 22 28 24 20 24 36 35 23 19 33 37 64 35 23 17 20 24 59
internal_value=0.00148439 -0.0287885 0.0515938 -0.0144828 -0.00247198 -0.0276466 -0.0201201 -0.0262061 -0.0571065 -0.0744334 0.00118521 -0.0146359 0.00362855 0.00687346 -0.00320921 -0.0101449 0.00416116 0.0107679 0.0153111 0.0184879 -0.0260027 0.0134227 0.0185243 -0.0342662 -0.0316429 -0.0259271 -0.0392542 -0.0455956 -0.0314838 -0.0352788
internal_weight=187.277 116.747 70.5309 77.5629 40.5577 37.0052 17.3163 13.7556 39.1836 4.4401 35.1021 4.69582 30.4063 24.6087 11.2114 5.79762 8.07921 5.5134 13.3973 11.2151 5.45562 8.50183 6.20146 19.6889 15.6609 8.94415 6.7167 4.8557 11.1101 8.41893
internal_count=2283 1326 957 776 406 370 168 138 550 57 359 42 317 262 112 55 84 60 150 128 47 93 70 202 159 87 72 55 111 87
is_linear=0
shrinkage=0.05


Tree=40
num_leaves=31
num_cat=0
split_feature=1 0 0 0 1 1 1 4 1 1 4 4 4 4 1 4 3 3 4 4 1 1 3 4 3 3 4 4 4 1
split_gain=109.334 19.2036 10.8885 3.97286 1.13118 0.981711 0.88308 0.791979 0.518223 0.517284 0.996543 0.47944 0.433043 0.408503 0.366908 0.291417 0.449896 0.372209 0.221095 0.751822 0.206379 0.315169 0.398464 0.199492 0.192587 0.285544 0.170964 0.153307 0.136764 0.121634
threshold=6.281331292928102 1.5000000000000002 1.5000000000000002 1.0000000180025095e-35 7.533693137913164 7.7788393961256839 7.2813854267391038 52.500000000000007 7.6302184844057086 7.1336929287475286 41.500000000000007 74.500000000000014 23.500000000000004 38.500000000000007 7.4012266055038678 111.50000000000001 2.5000000000000004 8.5000000000000018 101.50000000000001 77.500000000000014 6.4669217251709874 7.0800261456502254 5.5000000000000009 82.500000000000014 8.5000000000000018 3.5000000000000004 96.500000000000014 69.500000000000014 51.500000000000007 8.1012225357083416
decision_type=2 2 2 2 2 2 2 2 2 2 2 2 2 2 2 2 2 2 2 2 2 2 2 2 2 2 2 2 2 2
left_child=2 3 -1 4 15 8 7 -3 9 10 12 28 -5 -6 -11 16 -2 18 19 20 -18 22 -22 -16 25 -13 -19 -15 -12 -8
right_child=1 6 -4 5 13 -7 29 -9 -10 14 11 24 -14 27 23 -17 17 26 -20 -21 21 -23 -24 -25 -26 -27 -28 -29 -30 -31
leaf_value=0.055019495788977281 -0.015555391074518461 -0.098869137231815493 -0.059011384263807337 -0.01751872726728879 -0.036217436084491697 -0.042864660282002968 -0.061001688252473291 -0.053857499994394681 -0.0015907466796495258 -0.044126153311764511 -0.031652182284742779 -0.029648439913437571 0.011610920076844534 -0.0028293711481747904 -0.01384175660137439 0.016236769060725839 -0.0078869627120416695 -0.0011949011137771322 -0.0049671972769682275 0.031208736813227944 0.0010676657864540978 -0.0070817476646687612 0.028273768383500944 -0.035383590571450074 -0.033243766826730435 -0.0081080723469855367 -0.016509789434625582 -0.019173880351611633 -0.050114883688045189 -0.053903081986984805
leaf_weight=64.713779486715794 4.8615798875689533 2.3729332201182833 2.1634292230010024 2.2961102873087027 2.7747561708092672 7.5851201191544524 7.8904412537813178 1.6615055501461027 2.6458695679903022 4.7401017248630506 1.8608934134244908 2.5003291219472867 2.8713369444012642 2.2822645604610443 2.285082034766674 2.4773026704788199 3.5525554120540681 3.7666154056787482 4.5310033559799185 2.7525927424430838 2.9275516271591169 2.8011884540319443 2.4910110235214233 2.0290357396006584 2.2944182977080345 3.999623067677021 3.5302101895213127 3.863177016377449 2.1758622229099274 25.657057993113995
leaf_count=919 44 26 17 21 23 85 115 25 23 52 20 26 24 20 22 28 34 38 46 34 30 27 31 21 19 42 32 35 24 382
internal_value=0.000296867 -0.0287555 0.0513307 -0.0148907 -0.00446144 -0.0268104 -0.0582306 -0.080332 -0.0227102 -0.0247757 -0.0198719 -0.0273382 -0.00133259 -0.0202937 -0.0345239 -0.000269677 -0.0015797 0.00099855 0.00467563 0.00768368 0.00218307 0.00653531 0.0135748 -0.0239734 -0.02079 -0.016394 -0.00860426 -0.0131039 -0.0416038 -0.0555727
internal_weight=184.355 117.478 66.8772 79.8956 42.6118 37.2838 37.5819 4.03444 29.6987 27.0528 17.9986 12.8311 5.16745 8.9202 9.05422 33.6916 31.2143 26.3527 19.0559 14.5249 11.7723 8.21975 5.41856 4.31412 8.79437 6.49995 7.29683 6.14544 4.03676 33.5475
internal_count=2285 1349 936 801 422 379 548 51 294 271 176 131 45 78 95 344 316 272 202 156 122 88 61 43 87 68 70 55 44 497
is_linear=0
shrinkage=0.05


Tree=41
num_leaves=31
num_cat=0
split_feature=1 2 0 0 1 0 2 2 0 0 1 1 3 3 3 1 2 1 3 3 2 1 1 3 3 3 3 2 3 2
split_gain=102.576 97.0639 10.3039 1.66335 1.60416 0.279967 0.243944 0.0938402 0.0297644 0.0258145 0.0148995 0.00535202 0.00500179 0.00431571 0.00329547 0.0019637 0.00179466 0.00155735 0.00111999 0.00100568 0.000608847 0.000608579 0.000501708 0.000476714 0.0005392 0.000605746 0.00075743 0.000414499 0.0002814 0.000193303
threshold=6.281331292928102 16.510072402756375 1.5000000000000002 1.0000000180025095e-35 7.0800261456502254 1.0000000180025095e-35 16.150049921261303 16.510072402756375 1.0000000180025095e-35 1.5000000000000002 6.4853956849709054 7.8430637086349124 8.5000000000000018 9.5000000000000018 8.5000000000000018 6.9152261855066479 17.516973446774873 7.7380514425712974 3.5000000000000004 6.5000000000000009 16.867212517838407 7.1808309094573319 5.754157426206274 8.5000000000000018 2.5000000000000004 3.5000000000000004 7.5000000000000009 17.407645694506037 6.5000000000000009 16.737057248269522
decision_type=2 2 2 2 2 2 2 2 2 2 2 2 2 2 2 2 2 2 2 2 2 2 2 2 2 2 2 2 2 2
left_child=2 3 7 17 6 10 -5 -1 16 12 -3 13 15 18 22 28 23 -2 -12 -18 -17 -14 -10 24 -9 -26 -27 -22 -7 -25
right_child=1 5 -4 4 -6 9 -8 8 14 -11 11 -13 21 -15 -16 20 19 -19 -20 -21 27 -23 -24 29 25 26 -28 -29 -30 -31
leaf_value=0.052998730768081648 0.054532916433152036 -0.063826419947231552 -0.058498287759981088 0.038382159392673296 0.011858601857474622 -0.056475696075196126 0.059852030504687785 0.055624987462070785 0.059534399093106517 -0.053664010740483728 -0.060041182035967006 -0.058643777514142154 -0.057628088044943696 -0.062633601423487867 0.057947090209209462 -0.055740944214586287 0.055865708753419369 0.056030187396290891 -0.061043614596026752 0.054309345915814558 -0.054652803553355916 -0.056592144657191729 0.06045545090667806 0.055185766632409962 0.057078460674725356 0.055483509090817854 0.056722903246210446 -0.055217264376264688 -0.055745041547331009 0.055876731211480818
leaf_weight=33.993132341653109 18.959318056702621 4.293658152222636 2.0755095332860938 2.4082475304603559 5.5863102674484253 3.3086527809500756 2.9359969720244408 2.6521821990609187 3.1865351051092166 34.385680601000786 6.1459149196743983 3.0736431032419196 2.4125659689307204 2.9877360314130774 3.082163468003273 2.9235607683658591 1.6709966436028469 1.9118274003267277 5.0974500328302383 2.7397981584072113 6.3376690596342069 3.4379593133926392 2.7583304792642593 1.6590193361043919 2.5610833391547203 2.3598385825753212 2.5809238031506538 6.6807378828525543 2.1900043860077858 2.5962047725915909
leaf_count=638 251 27 17 21 34 34 23 30 24 541 45 25 22 19 27 32 18 20 35 38 82 35 20 20 24 27 25 79 24 28
internal_value=0.000295257 -0.0279136 0.0510838 0.0463947 0.0305936 -0.0562909 0.0501772 0.0547616 0.0569136 -0.0545753 -0.06119 -0.0605359 -0.0557235 -0.0609445 0.0592739 -0.0553699 0.0557815 0.0546701 -0.0604957 0.054899 -0.0550889 -0.0570193 0.0599618 0.0560516 0.0562378 0.0564544 0.0561309 -0.0549425 -0.0561847 0.0556073
internal_weight=178.993 115.077 63.9157 31.8017 10.9306 83.2752 5.34424 61.8402 27.8471 61.6768 21.5984 17.3047 27.2912 14.2311 9.02703 21.4406 18.82 20.8711 11.2434 4.41079 15.942 5.85053 5.94487 14.4093 10.154 7.50185 4.94076 13.0184 5.49866 4.25522
internal_count=2285 1349 936 349 78 1000 44 919 281 849 151 124 308 99 71 251 210 271 80 56 193 57 44 154 106 76 52 161 58 48
is_linear=0
shrinkage=0.05


Tree=42
num_leaves=31
num_cat=0
split_feature=1 0 0 0 1 1 1 4 1 1 4 4 4 1 4 4 3 3 4 1 4 1 1 4 3 3 4 4 4 1
split_gain=96.9862 18.3603 9.75181 3.34318 0.968511 0.90629 0.841904 0.734826 0.495516 0.441215 0.872646 0.446978 0.368751 0.361132 0.358391 0.250017 0.384214 0.316125 0.189122 0.706409 0.544261 0.308913 0.2983 0.278249 0.174075 0.260819 0.145911 0.13699 0.131664 0.128855
threshold=6.281331292928102 1.5000000000000002 1.5000000000000002 1.0000000180025095e-35 7.533693137913164 7.7788393961256839 7.2813854267391038 52.500000000000007 7.6302184844057086 7.1336929287475286 41.500000000000007 74.500000000000014 23.500000000000004 7.4012266055038678 38.500000000000007 111.50000000000001 2.5000000000000004 8.5000000000000018 45.500000000000007 7.0035189720582407 101.50000000000001 6.4669217251709874 6.980075507895271 76.500000000000014 8.5000000000000018 3.5000000000000004 96.500000000000014 51.500000000000007 69.500000000000014 8.405138782899586
decision_type=2 2 2 2 2 2 2 2 2 2 2 2 2 2 2 2 2 2 2 2 2 2 2 2 2 2 2 2 2 2
left_child=2 3 -1 4 15 8 7 -3 9 10 12 27 -5 -11 -6 16 -2 18 19 21 22 -18 23 -20 25 -13 -19 -12 -16 -7
right_child=1 6 -4 5 14 29 -8 -9 -10 13 11 24 -14 -15 28 -17 17 26 20 -21 -22 -23 -24 -25 -26 -27 -28 -29 -30 -31
leaf_value=0.054508770816405865 -0.014672956961432913 -0.098548345235391938 -0.058018377159314738 -0.016313875256099255 -0.034582274037194105 -0.035824749900408147 -0.055292281218942543 -0.053464283604309285 -0.0003214425542797823 -0.042542374343499084 -0.030037127510956996 -0.028283668029862735 0.011136897140360718 -0.02196969281680633 -0.0026458617629989793 0.015423937245724615 -0.0052493375829617593 -0.0010876327636568323 -0.0014017198027409185 -0.026474355180772714 -0.0046554744968922875 0.018082784198701594 0.033668055817293353 0.025444312983678996 -0.031656760016977682 -0.0071887519847966975 -0.01553943197074815 -0.049159183508325079 -0.018124247881789197 -0.04964588948124056
leaf_weight=59.090043615549803 4.6628159955143955 2.2422024384140964 1.9902020096778859 2.1955450549721816 2.6251998022198659 4.3042589724063864 30.57439486682415 1.5141570158302782 2.5753344669938079 4.4176759198307973 1.757718421518802 2.3668141439557058 2.762934148311615 4.1250041201710701 2.1884044781327248 2.3576737269759169 2.5779369324445787 3.6087874993681899 2.198584936559199 2.0720136612653732 4.3408870324492455 3.1545619890093803 2.1193986609578133 1.7204957567155359 2.1758828684687614 3.8469110578298569 3.3846333771944046 2.0049732327461243 3.6913706660270691 2.7726719304919243
leaf_count=919 44 26 17 21 23 50 497 25 23 52 20 26 24 43 20 28 26 38 24 18 46 38 28 22 19 42 32 24 35 35
internal_value=0.000293603 -0.0276885 0.0508423 -0.0139811 -0.0042148 -0.0252403 -0.0580368 -0.0803753 -0.0212293 -0.0233282 -0.0186949 -0.0259077 -0.00101792 -0.0326084 -0.0192216 -0.000250801 -0.00148927 0.000952343 0.00442687 -0.00145357 0.00884853 0.0075902 0.0185562 0.0103838 -0.0194858 -0.0152238 -0.00808193 -0.0402264 -0.0123633 -0.0412397
internal_weight=171.419 110.339 61.0802 76.0085 40.7028 35.3057 34.3308 3.75636 28.2288 25.6535 17.1108 12.1523 4.95848 8.54268 8.50497 32.1978 29.8401 25.1773 18.1839 7.80451 10.3794 5.7325 6.03848 3.91908 8.38961 6.21373 6.99342 3.76269 5.87978 7.07693
internal_count=2285 1349 936 801 422 379 548 51 294 271 176 131 45 95 78 344 316 272 202 82 120 64 74 46 87 68 70 44 55 85
is_linear=0
shrinkage=0.05


Tree=43
num_leaves=31
num_cat=0
split_feature=2 1 0 0 0 0 1 0 0 1 1 1 1 3 3 3 1 1 2 3 3 2 1 1 3 3 3 3 2 3
split_gain=94.2849 87.9312 24.9759 9.18912 0.238111 0.138373 0.031384 0.0221874 0.0216827 0.0146355 0.0126086 0.00667806 0.00483799 0.00376338 0.00341259 0.00238107 0.00177369 0.00155484 0.00130503 0.000853147 0.00082385 0.0005322 0.0004474 0.000373228 0.000346924 0.000390357 0.000439856 0.000548918 0.000311675 0.000226192
threshold=16.510072402756375 6.281331292928102 1.5000000000000002 1.5000000000000002 1.0000000180025095e-35 1.0000000180025095e-35 6.995308071068961 1.5000000000000002 1.0000000180025095e-35 6.281331292928102 6.4853956849709054 6.5286883779423883 7.8430637086349124 8.5000000000000018 9.5000000000000018 8.5000000000000018 6.9152261855066479 7.5509240552007428 17.516973446774873 3.5000000000000004 5.5000000000000009 16.867212517838407 7.1808309094573319 5.754157426206274 8.5000000000000018 2.5000000000000004 3.5000000000000004 7.5000000000000009 17.446622849738542 6.5000000000000009
decision_type=2 2 2 2 2 2 2 2 2 2 2 2 2 2 2 2 2 2 2 2 2 2 2 2 2 2 2 2 2 2
left_child=2 3 5 8 10 9 11 13 18 -1 -3 -7 14 16 19 23 29 -11 24 -12 -20 -18 -15 -10 25 -2 -27 -28 -23 -6
right_child=1 4 -4 -5 7 6 -8 -9 15 17 12 -13 -14 22 -16 -17 21 -19 20 -21 -22 28 -24 -25 -26 26 27 -29 -30 -31
leaf_value=0.052678160980486645 0.055041996345358682 -0.06292255754840366 -0.14886458707031364 -0.057569069057140369 -0.056018635813951272 0.054806703554574634 0.062493614105582233 -0.053282860916062852 0.058511225144389868 0.054242094133038078 -0.059412105642290172 0.05847187919605934 -0.057976423490660213 -0.05697474348100684 -0.061760437161597237 0.057111145539600651 -0.055304945944046335 0.055477507953639961 0.055376109523487121 -0.060306927561155105 0.053872947964776763 -0.054279097337679563 -0.05605530305689848 0.059337327930812422 0.055025110654702426 0.056334336829136571 0.054914627759410563 0.056017083436009599 -0.054786412815641096 -0.055343947442019731
leaf_weight=29.862250618636608 2.4263552203774541 4.1217661276459721 1.5491387844085682 1.9075391739606846 3.1182038560509744 2.0983067080378515 5.1680215373635292 31.237553685903549 2.9436261281371099 16.921880770474676 5.8780195564031619 3.0482182800769806 2.8986828401684752 2.2505208626389495 2.8620487153530112 2.8360432833433151 2.7390534654259673 2.9980553463101378 1.3940348923206318 4.8712085410952568 2.6336610540747643 6.0448410883545858 3.2106288075447083 2.5530916005373001 3.8928016424179068 2.3517253994941711 2.1581615135073662 2.3678773939609528 6.0652456879615784 2.0648767799139023
leaf_count=619 30 27 7 17 34 30 34 541 24 237 45 26 25 22 19 27 32 34 16 35 40 84 35 20 48 24 27 25 77 24
internal_value=0.000292026 -0.0285638 0.0493607 0.0482927 -0.055849 0.0544704 0.0597413 -0.0541761 0.056194 0.0533784 -0.0604487 0.0569775 -0.0598311 -0.0552707 -0.0602261 0.0582878 -0.0549535 0.054428 0.055181 -0.0598176 0.0543932 -0.0546755 -0.0564342 0.0588949 0.0554214 0.0555873 0.0557796 0.0554914 -0.0545332 -0.0557498
internal_weight=166.473 104.828 61.6459 27.4649 77.3627 60.0967 10.3145 56.7309 25.5574 49.7822 20.6317 5.14652 16.51 25.4934 13.6113 8.33276 20.0322 19.9199 17.2246 10.7492 4.0277 14.8491 5.46115 5.49672 13.1969 9.30412 6.87776 4.52604 12.1101 5.18308
internal_count=2285 1298 987 298 1000 980 90 849 281 890 151 56 124 308 99 71 251 271 210 80 56 193 57 44 154 106 76 52 161 58
is_linear=0
shrinkage=0.05


Tree=44
num_leaves=31
num_cat=0
split_feature=2 1 0 0 0 0 1 0 0 1 1 1 1 4 4 4 1 2 2 4 1 1 4 4 4 1 1 4 4 1
split_gain=89.132 83.1514 22.628 8.68609 0.201241 0.117399 0.0263148 0.0188852 0.0183353 0.0124686 0.0106685 0.00563773 0.00405368 0.0026629 0.00332574 0.0022349 0.00131954 0.00110812 0.000812706 0.00132406 0.000684527 0.000485244 0.000412643 0.000437616 0.000340244 0.000256458 0.000195212 0.00017267 0.000158984 0.000271281
threshold=16.510072402756375 6.281331292928102 1.5000000000000002 1.5000000000000002 1.0000000180025095e-35 1.0000000180025095e-35 6.995308071068961 1.5000000000000002 1.0000000180025095e-35 6.281331292928102 6.4853956849709054 6.5286883779423883 7.8430637086349124 94.500000000000014 108.50000000000001 76.500000000000014 7.5509240552007428 17.516973446774873 16.712803191948712 71.500000000000014 6.9152261855066479 7.0800261456502254 108.50000000000001 96.500000000000014 41.500000000000007 4.4484992763719129 7.8657582868647848 67.500000000000014 44.500000000000007 5.0657496176235997
decision_type=2 2 2 2 2 2 2 2 2 2 2 2 2 2 2 2 2 2 2 2 2 2 2 2 2 2 2 2 2 2
left_child=2 3 5 8 10 9 11 13 17 -1 -3 -7 18 20 -15 -10 -11 22 -12 -20 24 -16 23 27 -6 -19 -22 28 29 -2
right_child=1 4 -4 -5 7 6 -8 -9 15 16 12 -13 -14 14 21 -17 -18 25 19 -21 26 -23 -24 -25 -26 -27 -28 -29 -30 -31
leaf_value=0.052540738354393823 0.054694230110565047 -0.062163718147699137 -0.13561417109198512 -0.057148033423363359 -0.055696704823972293 0.054556342130198859 0.061753768386745178 -0.053112541805205839 0.058604077767209675 0.054018477327875604 -0.060352486583197321 0.05799908648676564 -0.057530049824420032 -0.056830700888833345 -0.055515381399687549 0.056927536512654399 0.055182464798316511 0.053585372210319226 -0.059959119505596029 -0.058809636028008094 -0.054545791147842415 -0.054478195005492926 0.055757500493921433 0.05430562226055892 -0.054765616183917565 0.054450512529709533 -0.054104012852032105 0.055574832428854207 0.054622392827086232 0.055460338976848336
leaf_weight=28.478271778672934 1.8343985676765528 3.9673882201313999 1.6136459559202183 1.8275366872549046 1.7260630503296881 2.0048990063369256 4.9733714833855629 29.806957554072142 4.2672294676303855 16.161539498716596 3.0195592045783988 2.9225916489958763 2.7781635597348204 3.6901527233421785 1.7466705963015554 3.7212225273251534 2.8667002618312827 1.2874268852174275 5.3127829283475858 4.7405766323208809 8.14394638314843 3.1821108013391495 2.1714581027626982 1.8641963675618161 2.2736164629459381 2.559845294803381 3.6085462458431712 1.8761055693030355 1.7493778914213178 3.1223656311631203
leaf_count=619 24 27 7 17 19 30 34 541 35 237 22 26 25 37 20 36 34 21 39 38 108 43 24 26 29 35 52 21 23 36
internal_value=0.000294029 -0.0283994 0.0490446 0.0479993 -0.0555337 0.0542351 0.059188 -0.0539567 0.0558575 0.0532029 -0.0598449 0.0565983 -0.0592645 -0.054989 -0.0556956 0.0578231 0.0541938 0.0549039 -0.0596331 -0.0594171 -0.0546024 -0.0548458 0.0551303 0.055 -0.0551674 0.054161 -0.0544101 0.0551508 0.0550322 0.0551768
internal_weight=159.299 100.278 59.021 26.2812 73.9965 57.4074 9.90086 54.1781 24.4536 47.5065 19.8185 4.92749 15.8511 24.3711 8.61893 7.98845 19.0282 16.4652 13.0729 10.0534 15.7522 4.92878 12.6179 10.4464 3.99968 3.84727 11.7525 8.58225 6.70614 4.95676
internal_count=2285 1298 987 298 1000 980 90 849 281 890 151 56 124 308 100 71 271 210 99 77 208 63 154 130 48 56 160 104 83 60
is_linear=0
shrinkage=0.05


Tree=45
num_leaves=31
num_cat=0
split_feature=1 2 0 0 1 2 4 0 0 0 2 2 0 4 0 1 1 4 1 4 4 1 2 4 1 4 2 1 1 1
split_gain=86.3454 75.322 20.286 8.42844 0.155122 0.854675 0.131694 0.0791766 0.0667276 0.0519762 0.0517661 0.0278363 0.0175073 0.0120233 0.0102058 0.00353463 0.00333708 0.002407 0.00191409 0.00161098 0.00146292 0.00104871 0.000954451 0.000477798 0.000394022 0.000439765 0.000332327 0.000319627 0.000243687 0.000181114
threshold=6.281331292928102 16.494914516120705 1.5000000000000002 1.5000000000000002 6.980075507895271 16.548946150455425 108.50000000000001 1.0000000180025095e-35 1.0000000180025095e-35 1.0000000180025095e-35 16.510072402756375 16.888301634571146 1.0000000180025095e-35 50.500000000000007 1.5000000000000002 6.929516292058147 6.4224346156700198 94.500000000000014 7.8430637086349124 94.500000000000014 108.50000000000001 7.5509240552007428 17.429320042075673 112.50000000000001 6.5854815236201967 43.500000000000007 17.115197958064361 5.0657496176235997 7.4169794408037371 4.4829865921051741
decision_type=2 2 2 2 2 2 2 2 2 2 2 2 2 2 2 2 2 2 2 2 2 2 2 2 2 2 2 2 2 2
left_child=3 2 9 10 6 -6 7 16 18 21 -1 -9 22 -11 19 -15 -3 -14 28 -10 -21 -2 26 -22 -13 -26 27 -12 -7 -24
right_child=1 4 -4 -5 5 8 -8 11 14 13 12 24 17 15 -16 -17 -18 -19 -20 20 23 -23 29 -25 25 -27 -28 -29 -30 -31
leaf_value=0.052418524223352872 0.053794452586897079 -0.061623186388684803 -0.12511339338002206 -0.056921619392450079 -0.010025891510265998 -0.058431772285440088 -0.067457506227894454 -0.047888694803834592 -0.05415694870278015 0.061314965567601923 0.054294191937426378 -0.055319332769416953 0.058455489076462225 0.055615306213505161 -0.052956427870470037 0.058506651550217406 -0.059460703619060612 0.056600220591911304 -0.057090802073722663 -0.05633587750809968 -0.054211962156052229 0.054917137653472198 0.053609567739539454 -0.055356043392829228 -0.0551133154424579 -0.053955137166614646 0.055361999948987307 0.054953372655379654 -0.05905322305701282 0.054282054436486774
leaf_weight=29.187376637011766 14.725165709853181 2.7961743399500865 1.6603050678968418 1.7773316353559483 1.1125724017620076 2.9290331080555898 3.474007222801446 1.9398892000317571 10.004279740154741 3.1335937529802314 2.7061868794262427 2.3643291331827641 4.05199210345745 1.8789457678794859 28.48899993672967 2.4163820818066597 4.9285625740885735 3.0749329105019569 2.3297394886612892 1.9140278063714493 2.4037814363837247 2.422234207391738 1.6450114995241154 1.4710570201277731 1.4857663102447989 1.8280435986816881 2.9064636677503577 5.7385868467390537 3.4185739383101463 2.5582209378480911
leaf_count=664 227 20 7 17 10 24 33 22 143 22 38 30 34 21 541 20 38 31 22 20 34 30 27 18 19 28 34 72 27 36
internal_value=-0.000954263 -0.0286074 0.0440391 0.0501423 -0.0547568 -0.0533961 -0.0586669 -0.0566765 -0.0543072 0.0554665 0.053811 -0.0530596 0.0556028 0.0589599 -0.0535216 0.0572419 -0.0602435 0.057655 -0.0583166 -0.0545411 -0.0552049 0.053953 0.0546625 -0.0546463 -0.0548262 -0.0544744 0.0549008 0.0547421 -0.0587665 0.0540189
internal_weight=152.772 99.1255 26.2366 53.6461 72.8888 54.0721 18.8168 15.3428 52.9595 24.5763 51.8688 7.61803 22.6814 7.42892 44.2821 4.29533 7.72474 7.12693 8.67735 15.7931 5.78887 17.1474 15.5545 3.87484 5.67814 3.31381 11.3512 8.44477 6.34761 4.20323
internal_count=2309 1356 327 953 1029 839 190 157 829 320 936 99 272 63 756 41 58 65 73 215 72 257 207 52 77 47 144 110 51 63
is_linear=0
shrinkage=0.05


end of trees

feature_importances:
shares_log=375
employees_log=347
industry_id=275
sector_id=209
market_cap_bucket=174

parameters:
[boosting: gbdt]
[objective: binary]
[metric: auc]
[tree_learner: serial]
[device_type: cpu]
[data_sample_strategy: bagging]
[data: ]
[valid: ]
[num_iterations: 500]
[learning_rate: 0.05]
[num_leaves: 31]
[num_threads: 0]
[seed: 0]
[deterministic: 0]
[force_col_wise: 0]
[force_row_wise: 0]
[histogram_pool_size: -1]
[max_depth: -1]
[min_data_in_leaf: 20]
[min_sum_hessian_in_leaf: 0.001]
[bagging_fraction: 0.8]
[pos_bagging_fraction: 1]
[neg_bagging_fraction: 1]
[bagging_freq: 5]
[bagging_seed: 3]
[bagging_by_query: 0]
[feature_fraction: 0.8]
[feature_fraction_bynode: 1]
[feature_fraction_seed: 2]
[extra_trees: 0]
[extra_seed: 6]
[early_stopping_round: 0]
[early_stopping_min_delta: 0]
[first_metric_only: 0]
[max_delta_step: 0]
[lambda_l1: 0]
[lambda_l2: 0]
[linear_lambda: 0]
[min_gain_to_split: 0]
[drop_rate: 0.1]
[max_drop: 50]
[skip_drop: 0.5]
[xgboost_dart_mode: 0]
[uniform_drop: 0]
[drop_seed: 4]
[top_rate: 0.2]
[other_rate: 0.1]
[min_data_per_group: 100]
[max_cat_threshold: 32]
[cat_l2: 10]
[cat_smooth: 10]
[max_cat_to_onehot: 4]
[top_k: 20]
[monotone_constraints: ]
[monotone_constraints_method: basic]
[monotone_penalty: 0]
[feature_contri: ]
[forcedsplits_filename: ]
[refit_decay_rate: 0.9]
[cegb_tradeoff: 1]
[cegb_penalty_split: 0]
[cegb_penalty_feature_lazy: ]
[cegb_penalty_feature_coupled: ]
[path_smooth: 0]
[interaction_constraints: ]
[verbosity: -1]
[saved_feature_importance_type: 0]
[use_quantized_grad: 0]
[num_grad_quant_bins: 4]
[quant_train_renew_leaf: 0]
[stochastic_rounding: 1]
[linear_tree: 0]
[max_bin: 255]
[max_bin_by_feature: ]
[min_data_in_bin: 3]
[bin_construct_sample_cnt: 200000]
[data_random_seed: 1]
[is_enable_sparse: 1]
[enable_bundle: 1]
[use_missing: 1]
[zero_as_missing: 0]
[feature_pre_filter: 1]
[pre_partition: 0]
[two_round: 0]
[header: 0]
[label_column: ]
[weight_column: ]
[group_column: ]
[ignore_column: ]
[categorical_feature: ]
[forcedbins_filename: ]
[precise_float_parser: 0]
[parser_config_file: ]
[objective_seed: 5]
[num_class: 1]
[is_unbalance: 0]
[scale_pos_weight: 1]
[sigmoid: 1]
[boost_from_average: 1]
[reg_sqrt: 0]
[alpha: 0.9]
[fair_c: 1]
[poisson_max_delta_step: 0.7]
[tweedie_variance_power: 1.5]
[lambdarank_truncation_level: 30]
[lambdarank_norm: 1]
[label_gain: ]
[lambdarank_position_bias_regularization: 0]
[eval_at: ]
[multi_error_top_k: 1]
[auc_mu_weights: ]
[num_machines: 1]
[local_listen_port: 12400]
[time_out: 120]
[machine_list_filename: ]
[machines: ]
[gpu_platform_id: -1]
[gpu_device_id: -1]
[gpu_use_dp: 0]
[num_gpu: 1]

end of parameters

pandas_categorical:[]
